{
  "type": "FeatureCollection",
  "features": [
    {
      "type": "Feature",
      "properties": {
        "name": "Brunei Darussalam",
        "undernourishment": 5
      },
      "geometry": {
        "type": "MultiPolygon",
        "coordinates": [
          [
            [
              [
                114.204017,
                4.525874
              ],
              [
                114.599961,
                4.900011
              ],
              [
                115.45071,
                5.44773
              ],
              [
                115.4057,
                4.955228
              ],
              [
                115.347461,
                4.316636
              ],
              [
                114.869557,
                4.348314
              ],
              [
                114.659596,
                4.007637
              ],
              [
                114.204017,
                4.525874
              ]
            ]
          ]
        ]
      }
    },
    {
      "type": "Feature",
      "properties": {
        "name": "Cambodia",
        "undernourishment": 16
      },
      "geometry": {
        "type": "MultiPolygon",
        "coordinates": [
          [
            [
              [
                103.49728,
                10.632555
              ],
              [
                103.09069,
                11.153661
              ],
              [
                102.584932,
                12.186595
              ],
              [
                102.348099,
                13.394247
              ],
              [
                102.988422,
                14.225721
              ],
              [
                104.281418,
                14.416743
              ],
              [
                105.218777,
                14.273212
              ],
              [
                106.043946,
                13.881091
              ],
              [
                106.496373,
                14.570584
              ],
              [
                107.382727,
                14.202441
              ],
              [
                107.614548,
                13.535531
              ],
              [
                107.491403,
                12.337206
              ],
              [
                105.810524,
                11.567615
              ],
              [
                106.24967,
                10.961812
              ],
              [
                105.199915,
                10.88931
              ],
              [
                104.334335,
                10.486544
              ],
              [
                103.49728,
                10.632555
              ]
            ]
          ]
        ]
      }
    },
    {
      "type": "Feature",
      "properties": {
        "name": "Malaysia",
        "undernourishment": 5
      },
      "geometry": {
        "type": "MultiPolygon",
        "coordinates": [
          [
            [
              [
                101.075516,
                6.204867
              ],
              [
                101.154219,
                5.691384
              ],
              [
                101.814282,
                5.810808
              ],
              [
                102.141187,
                6.221636
              ],
              [
                102.371147,
                6.128205
              ],
              [
                102.961705,
                5.524495
              ],
              [
                103.381215,
                4.855001
              ],
              [
                103.438575,
                4.181606
              ],
              [
                103.332122,
                3.726698
              ],
              [
                103.429429,
                3.382869
              ],
              [
                103.502448,
                2.791019
              ],
              [
                103.854674,
                2.515454
              ],
              [
                104.247932,
                1.631141
              ],
              [
                104.228811,
                1.293048
              ],
              [
                103.519707,
                1.226334
              ],
              [
                102.573615,
                1.967115
              ],
              [
                101.390638,
                2.760814
              ],
              [
                101.27354,
                3.270292
              ],
              [
                100.695435,
                3.93914
              ],
              [
                100.557408,
                4.76728
              ],
              [
                100.196706,
                5.312493
              ],
              [
                100.30626,
                6.040562
              ],
              [
                100.085757,
                6.464489
              ],
              [
                100.259596,
                6.642825
              ],
              [
                101.075516,
                6.204867
              ]
            ]
          ],
          [
            [
              [
                118.618321,
                4.478202
              ],
              [
                117.882035,
                4.137551
              ],
              [
                117.015214,
                4.306094
              ],
              [
                115.865517,
                4.306559
              ],
              [
                115.519078,
                3.169238
              ],
              [
                115.134037,
                2.821482
              ],
              [
                114.621355,
                1.430688
              ],
              [
                113.80585,
                1.217549
              ],
              [
                112.859809,
                1.49779
              ],
              [
                112.380252,
                1.410121
              ],
              [
                111.797548,
                0.904441
              ],
              [
                111.159138,
                0.976478
              ],
              [
                110.514061,
                0.773131
              ],
              [
                109.830227,
                1.338136
              ],
              [
                109.66326,
                2.006467
              ],
              [
                110.396135,
                1.663775
              ],
              [
                111.168853,
                1.850637
              ],
              [
                111.370081,
                2.697303
              ],
              [
                111.796928,
                2.885897
              ],
              [
                112.995615,
                3.102395
              ],
              [
                113.712935,
                3.893509
              ],
              [
                114.204017,
                4.525874
              ],
              [
                114.659596,
                4.007637
              ],
              [
                114.869557,
                4.348314
              ],
              [
                115.347461,
                4.316636
              ],
              [
                115.4057,
                4.955228
              ],
              [
                115.45071,
                5.44773
              ],
              [
                116.220741,
                6.143191
              ],
              [
                116.725103,
                6.924771
              ],
              [
                117.129626,
                6.928053
              ],
              [
                117.643393,
                6.422166
              ],
              [
                117.689075,
                5.98749
              ],
              [
                118.347691,
                5.708696
              ],
              [
                119.181904,
                5.407836
              ],
              [
                119.110694,
                5.016128
              ],
              [
                118.439727,
                4.966519
              ],
              [
                118.618321,
                4.478202
              ]
            ]
          ]
        ]
      }
    },
    {
      "type": "Feature",
      "properties": {
        "name": "Indonesia",
        "undernourishment": 9
      },
      "geometry": {
        "type": "MultiPolygon",
        "coordinates": [
          [
            [
              [
                120.715609,
                -10.239581
              ],
              [
                120.295014,
                -10.25865
              ],
              [
                118.967808,
                -9.557969
              ],
              [
                119.90031,
                -9.36134
              ],
              [
                120.425756,
                -9.665921
              ],
              [
                120.775502,
                -9.969675
              ],
              [
                120.715609,
                -10.239581
              ]
            ]
          ],
          [
            [
              [
                124.43595,
                -10.140001
              ],
              [
                123.579982,
                -10.359987
              ],
              [
                123.459989,
                -10.239995
              ],
              [
                123.550009,
                -9.900016
              ],
              [
                123.980009,
                -9.290027
              ],
              [
                124.968682,
                -8.89279
              ],
              [
                125.07002,
                -9.089987
              ],
              [
                125.08852,
                -9.393173
              ],
              [
                124.43595,
                -10.140001
              ]
            ]
          ],
          [
            [
              [
                117.900018,
                -8.095681
              ],
              [
                118.260616,
                -8.362383
              ],
              [
                118.87846,
                -8.280683
              ],
              [
                119.126507,
                -8.705825
              ],
              [
                117.970402,
                -8.906639
              ],
              [
                117.277731,
                -9.040895
              ],
              [
                116.740141,
                -9.032937
              ],
              [
                117.083737,
                -8.457158
              ],
              [
                117.632024,
                -8.449303
              ],
              [
                117.900018,
                -8.095681
              ]
            ]
          ],
          [
            [
              [
                122.903537,
                -8.094234
              ],
              [
                122.756983,
                -8.649808
              ],
              [
                121.254491,
                -8.933666
              ],
              [
                119.924391,
                -8.810418
              ],
              [
                119.920929,
                -8.444859
              ],
              [
                120.715092,
                -8.236965
              ],
              [
                121.341669,
                -8.53674
              ],
              [
                122.007365,
                -8.46062
              ],
              [
                122.903537,
                -8.094234
              ]
            ]
          ],
          [
            [
              [
                108.623479,
                -6.777674
              ],
              [
                110.539227,
                -6.877358
              ],
              [
                110.759576,
                -6.465186
              ],
              [
                112.614811,
                -6.946036
              ],
              [
                112.978768,
                -7.594213
              ],
              [
                114.478935,
                -7.776528
              ],
              [
                115.705527,
                -8.370807
              ],
              [
                114.564511,
                -8.751817
              ],
              [
                113.464734,
                -8.348947
              ],
              [
                112.559672,
                -8.376181
              ],
              [
                111.522061,
                -8.302129
              ],
              [
                110.58615,
                -8.122605
              ],
              [
                109.427667,
                -7.740664
              ],
              [
                108.693655,
                -7.6416
              ],
              [
                108.277763,
                -7.766657
              ],
              [
                106.454102,
                -7.3549
              ],
              [
                106.280624,
                -6.9249
              ],
              [
                105.365486,
                -6.851416
              ],
              [
                106.051646,
                -5.895919
              ],
              [
                107.265009,
                -5.954985
              ],
              [
                108.072091,
                -6.345762
              ],
              [
                108.486846,
                -6.421985
              ],
              [
                108.623479,
                -6.777674
              ]
            ]
          ],
          [
            [
              [
                134.724624,
                -6.214401
              ],
              [
                134.210134,
                -6.895238
              ],
              [
                134.112776,
                -6.142467
              ],
              [
                134.290336,
                -5.783058
              ],
              [
                134.499625,
                -5.445042
              ],
              [
                134.727002,
                -5.737582
              ],
              [
                134.724624,
                -6.214401
              ]
            ]
          ],
          [
            [
              [
                127.249215,
                -3.459065
              ],
              [
                126.874923,
                -3.790983
              ],
              [
                126.183802,
                -3.607376
              ],
              [
                125.989034,
                -3.177273
              ],
              [
                127.000651,
                -3.129318
              ],
              [
                127.249215,
                -3.459065
              ]
            ]
          ],
          [
            [
              [
                130.471344,
                -3.093764
              ],
              [
                130.834836,
                -3.858472
              ],
              [
                129.990547,
                -3.446301
              ],
              [
                129.155249,
                -3.362637
              ],
              [
                128.590684,
                -3.428679
              ],
              [
                127.898891,
                -3.393436
              ],
              [
                128.135879,
                -2.84365
              ],
              [
                129.370998,
                -2.802154
              ],
              [
                130.471344,
                -3.093764
              ]
            ]
          ],
          [
            [
              [
                134.143368,
                -1.151867
              ],
              [
                134.422627,
                -2.769185
              ],
              [
                135.457603,
                -3.367753
              ],
              [
                136.293314,
                -2.307042
              ],
              [
                137.440738,
                -1.703513
              ],
              [
                138.329727,
                -1.702686
              ],
              [
                139.184921,
                -2.051296
              ],
              [
                139.926684,
                -2.409052
              ],
              [
                141.00021,
                -2.600151
              ],
              [
                141.017057,
                -5.859022
              ],
              [
                141.033852,
                -9.117893
              ],
              [
                140.143415,
                -8.297168
              ],
              [
                139.127767,
                -8.096043
              ],
              [
                138.881477,
                -8.380935
              ],
              [
                137.614474,
                -8.411683
              ],
              [
                138.039099,
                -7.597882
              ],
              [
                138.668621,
                -7.320225
              ],
              [
                138.407914,
                -6.232849
              ],
              [
                137.92784,
                -5.393366
              ],
              [
                135.98925,
                -4.546544
              ],
              [
                135.164598,
                -4.462931
              ],
              [
                133.66288,
                -3.538853
              ],
              [
                133.367705,
                -4.024819
              ],
              [
                132.983956,
                -4.112979
              ],
              [
                132.756941,
                -3.746283
              ],
              [
                132.753789,
                -3.311787
              ],
              [
                131.989804,
                -2.820551
              ],
              [
                133.066845,
                -2.460418
              ],
              [
                133.780031,
                -2.479848
              ],
              [
                133.696212,
                -2.214542
              ],
              [
                132.232373,
                -2.212526
              ],
              [
                131.836222,
                -1.617162
              ],
              [
                130.94284,
                -1.432522
              ],
              [
                130.519558,
                -0.93772
              ],
              [
                131.867538,
                -0.695461
              ],
              [
                132.380116,
                -0.369538
              ],
              [
                133.985548,
                -0.78021
              ],
              [
                134.143368,
                -1.151867
              ]
            ]
          ],
          [
            [
              [
                125.240501,
                1.419836
              ],
              [
                124.437035,
                0.427881
              ],
              [
                123.685505,
                0.235593
              ],
              [
                122.723083,
                0.431137
              ],
              [
                121.056725,
                0.381217
              ],
              [
                120.183083,
                0.237247
              ],
              [
                120.04087,
                -0.519658
              ],
              [
                120.935905,
                -1.408906
              ],
              [
                121.475821,
                -0.955962
              ],
              [
                123.340565,
                -0.615673
              ],
              [
                123.258399,
                -1.076213
              ],
              [
                122.822715,
                -0.930951
              ],
              [
                122.38853,
                -1.516858
              ],
              [
                121.508274,
                -1.904483
              ],
              [
                122.454572,
                -3.186058
              ],
              [
                122.271896,
                -3.5295
              ],
              [
                123.170963,
                -4.683693
              ],
              [
                123.162333,
                -5.340604
              ],
              [
                122.628515,
                -5.634591
              ],
              [
                122.236394,
                -5.282933
              ],
              [
                122.719569,
                -4.464172
              ],
              [
                121.738234,
                -4.851331
              ],
              [
                121.489463,
                -4.574553
              ],
              [
                121.619171,
                -4.188478
              ],
              [
                120.898182,
                -3.602105
              ],
              [
                120.972389,
                -2.627643
              ],
              [
                120.305453,
                -2.931604
              ],
              [
                120.390047,
                -4.097579
              ],
              [
                120.430717,
                -5.528241
              ],
              [
                119.796543,
                -5.6734
              ],
              [
                119.366906,
                -5.379878
              ],
              [
                119.653606,
                -4.459417
              ],
              [
                119.498835,
                -3.494412
              ],
              [
                119.078344,
                -3.487022
              ],
              [
                118.767769,
                -2.801999
              ],
              [
                119.180974,
                -2.147104
              ],
              [
                119.323394,
                -1.353147
              ],
              [
                119.825999,
                0.154254
              ],
              [
                120.035702,
                0.566477
              ],
              [
                120.885779,
                1.309223
              ],
              [
                121.666817,
                1.013944
              ],
              [
                122.927567,
                0.875192
              ],
              [
                124.077522,
                0.917102
              ],
              [
                125.065989,
                1.643259
              ],
              [
                125.240501,
                1.419836
              ]
            ]
          ],
          [
            [
              [
                128.688249,
                1.132386
              ],
              [
                128.635952,
                0.258486
              ],
              [
                128.12017,
                0.356413
              ],
              [
                127.968034,
                -0.252077
              ],
              [
                128.379999,
                -0.780004
              ],
              [
                128.100016,
                -0.899996
              ],
              [
                127.696475,
                -0.266598
              ],
              [
                127.39949,
                1.011722
              ],
              [
                127.600512,
                1.810691
              ],
              [
                127.932378,
                2.174596
              ],
              [
                128.004156,
                1.628531
              ],
              [
                128.594559,
                1.540811
              ],
              [
                128.688249,
                1.132386
              ]
            ]
          ],
          [
            [
              [
                117.875627,
                1.827641
              ],
              [
                118.996747,
                0.902219
              ],
              [
                117.811858,
                0.784242
              ],
              [
                117.478339,
                0.102475
              ],
              [
                117.521644,
                -0.803723
              ],
              [
                116.560048,
                -1.487661
              ],
              [
                116.533797,
                -2.483517
              ],
              [
                116.148084,
                -4.012726
              ],
              [
                116.000858,
                -3.657037
              ],
              [
                114.864803,
                -4.106984
              ],
              [
                114.468652,
                -3.495704
              ],
              [
                113.755672,
                -3.43917
              ],
              [
                113.256994,
                -3.118776
              ],
              [
                112.068126,
                -3.478392
              ],
              [
                111.703291,
                -2.994442
              ],
              [
                111.04824,
                -3.049426
              ],
              [
                110.223846,
                -2.934032
              ],
              [
                110.070936,
                -1.592874
              ],
              [
                109.571948,
                -1.314907
              ],
              [
                109.091874,
                -0.459507
              ],
              [
                108.952658,
                0.415375
              ],
              [
                109.069136,
                1.341934
              ],
              [
                109.66326,
                2.006467
              ],
              [
                109.830227,
                1.338136
              ],
              [
                110.514061,
                0.773131
              ],
              [
                111.159138,
                0.976478
              ],
              [
                111.797548,
                0.904441
              ],
              [
                112.380252,
                1.410121
              ],
              [
                112.859809,
                1.49779
              ],
              [
                113.80585,
                1.217549
              ],
              [
                114.621355,
                1.430688
              ],
              [
                115.134037,
                2.821482
              ],
              [
                115.519078,
                3.169238
              ],
              [
                115.865517,
                4.306559
              ],
              [
                117.015214,
                4.306094
              ],
              [
                117.882035,
                4.137551
              ],
              [
                117.313232,
                3.234428
              ],
              [
                118.04833,
                2.28769
              ],
              [
                117.875627,
                1.827641
              ]
            ]
          ],
          [
            [
              [
                105.817655,
                -5.852356
              ],
              [
                104.710384,
                -5.873285
              ],
              [
                103.868213,
                -5.037315
              ],
              [
                102.584261,
                -4.220259
              ],
              [
                102.156173,
                -3.614146
              ],
              [
                101.399113,
                -2.799777
              ],
              [
                100.902503,
                -2.050262
              ],
              [
                100.141981,
                -0.650348
              ],
              [
                99.26374,
                0.183142
              ],
              [
                98.970011,
                1.042882
              ],
              [
                98.601351,
                1.823507
              ],
              [
                97.699598,
                2.453184
              ],
              [
                97.176942,
                3.308791
              ],
              [
                96.424017,
                3.86886
              ],
              [
                95.380876,
                4.970782
              ],
              [
                95.293026,
                5.479821
              ],
              [
                95.936863,
                5.439513
              ],
              [
                97.484882,
                5.246321
              ],
              [
                98.369169,
                4.26837
              ],
              [
                99.142559,
                3.59035
              ],
              [
                99.693998,
                3.174329
              ],
              [
                100.641434,
                2.099381
              ],
              [
                101.658012,
                2.083697
              ],
              [
                102.498271,
                1.3987
              ],
              [
                103.07684,
                0.561361
              ],
              [
                103.838396,
                0.104542
              ],
              [
                103.437645,
                -0.711946
              ],
              [
                104.010789,
                -1.059212
              ],
              [
                104.369991,
                -1.084843
              ],
              [
                104.53949,
                -1.782372
              ],
              [
                104.887893,
                -2.340425
              ],
              [
                105.622111,
                -2.428844
              ],
              [
                106.108593,
                -3.061777
              ],
              [
                105.857446,
                -4.305525
              ],
              [
                105.817655,
                -5.852356
              ]
            ]
          ]
        ]
      }
    },
    {
      "type": "Feature",
      "properties": {
        "name": "Laos",
        "undernourishment": 22
      },
      "geometry": {
        "type": "MultiPolygon",
        "coordinates": [
          [
            [
              [
                105.218777,
                14.273212
              ],
              [
                105.544338,
                14.723934
              ],
              [
                105.589039,
                15.570316
              ],
              [
                104.779321,
                16.441865
              ],
              [
                104.716947,
                17.428859
              ],
              [
                103.956477,
                18.240954
              ],
              [
                103.200192,
                18.309632
              ],
              [
                102.998706,
                17.961695
              ],
              [
                102.413005,
                17.932782
              ],
              [
                102.113592,
                18.109102
              ],
              [
                101.059548,
                17.512497
              ],
              [
                101.035931,
                18.408928
              ],
              [
                101.282015,
                19.462585
              ],
              [
                100.606294,
                19.508344
              ],
              [
                100.548881,
                20.109238
              ],
              [
                100.115988,
                20.41785
              ],
              [
                100.329101,
                20.786122
              ],
              [
                101.180005,
                21.436573
              ],
              [
                101.270026,
                21.201652
              ],
              [
                101.80312,
                21.174367
              ],
              [
                101.652018,
                22.318199
              ],
              [
                102.170436,
                22.464753
              ],
              [
                102.754896,
                21.675137
              ],
              [
                103.203861,
                20.766562
              ],
              [
                104.435,
                20.758733
              ],
              [
                104.822574,
                19.886642
              ],
              [
                104.183388,
                19.624668
              ],
              [
                103.896532,
                19.265181
              ],
              [
                105.094598,
                18.666975
              ],
              [
                105.925762,
                17.485315
              ],
              [
                106.556008,
                16.604284
              ],
              [
                107.312706,
                15.908538
              ],
              [
                107.564525,
                15.202173
              ],
              [
                107.382727,
                14.202441
              ],
              [
                106.496373,
                14.570584
              ],
              [
                106.043946,
                13.881091
              ],
              [
                105.218777,
                14.273212
              ]
            ]
          ]
        ]
      }
    },
    {
      "type": "Feature",
      "properties": {
        "name": "Myanmar",
        "undernourishment": 17
      },
      "geometry": {
        "type": "MultiPolygon",
        "coordinates": [
          [
            [
              [
                99.543309,
                20.186598
              ],
              [
                98.959676,
                19.752981
              ],
              [
                98.253724,
                19.708203
              ],
              [
                97.797783,
                18.62708
              ],
              [
                97.375896,
                18.445438
              ],
              [
                97.859123,
                17.567946
              ],
              [
                98.493761,
                16.837836
              ],
              [
                98.903348,
                16.177824
              ],
              [
                98.537376,
                15.308497
              ],
              [
                98.192074,
                15.123703
              ],
              [
                98.430819,
                14.622028
              ],
              [
                99.097755,
                13.827503
              ],
              [
                99.212012,
                13.269294
              ],
              [
                99.196354,
                12.804748
              ],
              [
                99.587286,
                11.892763
              ],
              [
                99.038121,
                10.960546
              ],
              [
                98.553551,
                9.93296
              ],
              [
                98.457174,
                10.675266
              ],
              [
                98.764546,
                11.441292
              ],
              [
                98.428339,
                12.032987
              ],
              [
                98.509574,
                13.122378
              ],
              [
                98.103604,
                13.64046
              ],
              [
                97.777732,
                14.837286
              ],
              [
                97.597072,
                16.100568
              ],
              [
                97.16454,
                16.928734
              ],
              [
                96.505769,
                16.427241
              ],
              [
                95.369352,
                15.71439
              ],
              [
                94.808405,
                15.803454
              ],
              [
                94.188804,
                16.037936
              ],
              [
                94.533486,
                17.27724
              ],
              [
                94.324817,
                18.213514
              ],
              [
                93.540988,
                19.366493
              ],
              [
                93.663255,
                19.726962
              ],
              [
                93.078278,
                19.855145
              ],
              [
                92.368554,
                20.670883
              ],
              [
                92.303234,
                21.475485
              ],
              [
                92.652257,
                21.324048
              ],
              [
                92.672721,
                22.041239
              ],
              [
                93.166128,
                22.27846
              ],
              [
                93.060294,
                22.703111
              ],
              [
                93.286327,
                23.043658
              ],
              [
                93.325188,
                24.078556
              ],
              [
                94.106742,
                23.850741
              ],
              [
                94.552658,
                24.675238
              ],
              [
                94.603249,
                25.162495
              ],
              [
                95.155153,
                26.001307
              ],
              [
                95.124768,
                26.573572
              ],
              [
                96.419366,
                27.264589
              ],
              [
                97.133999,
                27.083774
              ],
              [
                97.051989,
                27.699059
              ],
              [
                97.402561,
                27.882536
              ],
              [
                97.327114,
                28.261583
              ],
              [
                97.911988,
                28.335945
              ],
              [
                98.246231,
                27.747221
              ],
              [
                98.68269,
                27.508812
              ],
              [
                98.712094,
                26.743536
              ],
              [
                98.671838,
                25.918703
              ],
              [
                97.724609,
                25.083637
              ],
              [
                97.60472,
                23.897405
              ],
              [
                98.660262,
                24.063286
              ],
              [
                98.898749,
                23.142722
              ],
              [
                99.531992,
                22.949039
              ],
              [
                99.240899,
                22.118314
              ],
              [
                99.983489,
                21.742937
              ],
              [
                100.416538,
                21.558839
              ],
              [
                101.150033,
                21.849984
              ],
              [
                101.180005,
                21.436573
              ],
              [
                100.329101,
                20.786122
              ],
              [
                100.115988,
                20.41785
              ],
              [
                99.543309,
                20.186598
              ]
            ]
          ]
        ]
      }
    },
    {
      "type": "Feature",
      "properties": {
        "name": "Philippines",
        "undernourishment": 12
      },
      "geometry": {
        "type": "MultiPolygon",
        "coordinates": [
          [
            [
              [
                126.376814,
                8.414706
              ],
              [
                126.478513,
                7.750354
              ],
              [
                126.537424,
                7.189381
              ],
              [
                126.196773,
                6.274294
              ],
              [
                125.831421,
                7.293715
              ],
              [
                125.363852,
                6.786485
              ],
              [
                125.683161,
                6.049657
              ],
              [
                125.396512,
                5.581003
              ],
              [
                124.219788,
                6.161355
              ],
              [
                123.93872,
                6.885136
              ],
              [
                124.243662,
                7.36061
              ],
              [
                123.610212,
                7.833527
              ],
              [
                123.296071,
                7.418876
              ],
              [
                122.825506,
                7.457375
              ],
              [
                122.085499,
                6.899424
              ],
              [
                121.919928,
                7.192119
              ],
              [
                122.312359,
                8.034962
              ],
              [
                122.942398,
                8.316237
              ],
              [
                123.487688,
                8.69301
              ],
              [
                123.841154,
                8.240324
              ],
              [
                124.60147,
                8.514158
              ],
              [
                124.764612,
                8.960409
              ],
              [
                125.471391,
                8.986997
              ],
              [
                125.412118,
                9.760335
              ],
              [
                126.222714,
                9.286074
              ],
              [
                126.306637,
                8.782487
              ],
              [
                126.376814,
                8.414706
              ]
            ]
          ],
          [
            [
              [
                123.982438,
                10.278779
              ],
              [
                123.623183,
                9.950091
              ],
              [
                123.309921,
                9.318269
              ],
              [
                122.995883,
                9.022189
              ],
              [
                122.380055,
                9.713361
              ],
              [
                122.586089,
                9.981045
              ],
              [
                122.837081,
                10.261157
              ],
              [
                122.947411,
                10.881868
              ],
              [
                123.49885,
                10.940624
              ],
              [
                123.337774,
                10.267384
              ],
              [
                124.077936,
                11.232726
              ],
              [
                123.982438,
                10.278779
              ]
            ]
          ],
          [
            [
              [
                118.504581,
                9.316383
              ],
              [
                117.174275,
                8.3675
              ],
              [
                117.664477,
                9.066889
              ],
              [
                118.386914,
                9.6845
              ],
              [
                118.987342,
                10.376292
              ],
              [
                119.511496,
                11.369668
              ],
              [
                119.689677,
                10.554291
              ],
              [
                119.029458,
                10.003653
              ],
              [
                118.504581,
                9.316383
              ]
            ]
          ],
          [
            [
              [
                121.883548,
                11.891755
              ],
              [
                122.483821,
                11.582187
              ],
              [
                123.120217,
                11.58366
              ],
              [
                123.100838,
                11.165934
              ],
              [
                122.637714,
                10.741308
              ],
              [
                122.00261,
                10.441017
              ],
              [
                121.967367,
                10.905691
              ],
              [
                122.03837,
                11.415841
              ],
              [
                121.883548,
                11.891755
              ]
            ]
          ],
          [
            [
              [
                125.502552,
                12.162695
              ],
              [
                125.783465,
                11.046122
              ],
              [
                125.011884,
                11.311455
              ],
              [
                125.032761,
                10.975816
              ],
              [
                125.277449,
                10.358722
              ],
              [
                124.801819,
                10.134679
              ],
              [
                124.760168,
                10.837995
              ],
              [
                124.459101,
                10.88993
              ],
              [
                124.302522,
                11.495371
              ],
              [
                124.891013,
                11.415583
              ],
              [
                124.87799,
                11.79419
              ],
              [
                124.266762,
                12.557761
              ],
              [
                125.227116,
                12.535721
              ],
              [
                125.502552,
                12.162695
              ]
            ]
          ],
          [
            [
              [
                121.527394,
                13.06959
              ],
              [
                121.26219,
                12.20556
              ],
              [
                120.833896,
                12.704496
              ],
              [
                120.323436,
                13.466413
              ],
              [
                121.180128,
                13.429697
              ],
              [
                121.527394,
                13.06959
              ]
            ]
          ],
          [
            [
              [
                121.321308,
                18.504065
              ],
              [
                121.937601,
                18.218552
              ],
              [
                122.246006,
                18.47895
              ],
              [
                122.336957,
                18.224883
              ],
              [
                122.174279,
                17.810283
              ],
              [
                122.515654,
                17.093505
              ],
              [
                122.252311,
                16.262444
              ],
              [
                121.662786,
                15.931018
              ],
              [
                121.50507,
                15.124814
              ],
              [
                121.728829,
                14.328376
              ],
              [
                122.258925,
                14.218202
              ],
              [
                122.701276,
                14.336541
              ],
              [
                123.950295,
                13.782131
              ],
              [
                123.855107,
                13.237771
              ],
              [
                124.181289,
                12.997527
              ],
              [
                124.077419,
                12.536677
              ],
              [
                123.298035,
                13.027526
              ],
              [
                122.928652,
                13.55292
              ],
              [
                122.671355,
                13.185836
              ],
              [
                122.03465,
                13.784482
              ],
              [
                121.126385,
                13.636687
              ],
              [
                120.628637,
                13.857656
              ],
              [
                120.679384,
                14.271016
              ],
              [
                120.991819,
                14.525393
              ],
              [
                120.693336,
                14.756671
              ],
              [
                120.564145,
                14.396279
              ],
              [
                120.070429,
                14.970869
              ],
              [
                119.920929,
                15.406347
              ],
              [
                119.883773,
                16.363704
              ],
              [
                120.286488,
                16.034629
              ],
              [
                120.390047,
                17.599081
              ],
              [
                120.715867,
                18.505227
              ],
              [
                121.321308,
                18.504065
              ]
            ]
          ]
        ]
      }
    },
    {
      "type": "Feature",
      "properties": {
        "name": "Thailand",
        "undernourishment": 7
      },
      "geometry": {
        "type": "MultiPolygon",
        "coordinates": [
          [
            [
              [
                102.584932,
                12.186595
              ],
              [
                101.687158,
                12.64574
              ],
              [
                100.83181,
                12.627085
              ],
              [
                100.978467,
                13.412722
              ],
              [
                100.097797,
                13.406856
              ],
              [
                100.018733,
                12.307001
              ],
              [
                99.478921,
                10.846367
              ],
              [
                99.153772,
                9.963061
              ],
              [
                99.222399,
                9.239255
              ],
              [
                99.873832,
                9.207862
              ],
              [
                100.279647,
                8.295153
              ],
              [
                100.459274,
                7.429573
              ],
              [
                101.017328,
                6.856869
              ],
              [
                101.623079,
                6.740622
              ],
              [
                102.141187,
                6.221636
              ],
              [
                101.814282,
                5.810808
              ],
              [
                101.154219,
                5.691384
              ],
              [
                101.075516,
                6.204867
              ],
              [
                100.259596,
                6.642825
              ],
              [
                100.085757,
                6.464489
              ],
              [
                99.690691,
                6.848213
              ],
              [
                99.519642,
                7.343454
              ],
              [
                98.988253,
                7.907993
              ],
              [
                98.503786,
                8.382305
              ],
              [
                98.339662,
                7.794512
              ],
              [
                98.150009,
                8.350007
              ],
              [
                98.25915,
                8.973923
              ],
              [
                98.553551,
                9.93296
              ],
              [
                99.038121,
                10.960546
              ],
              [
                99.587286,
                11.892763
              ],
              [
                99.196354,
                12.804748
              ],
              [
                99.212012,
                13.269294
              ],
              [
                99.097755,
                13.827503
              ],
              [
                98.430819,
                14.622028
              ],
              [
                98.192074,
                15.123703
              ],
              [
                98.537376,
                15.308497
              ],
              [
                98.903348,
                16.177824
              ],
              [
                98.493761,
                16.837836
              ],
              [
                97.859123,
                17.567946
              ],
              [
                97.375896,
                18.445438
              ],
              [
                97.797783,
                18.62708
              ],
              [
                98.253724,
                19.708203
              ],
              [
                98.959676,
                19.752981
              ],
              [
                99.543309,
                20.186598
              ],
              [
                100.115988,
                20.41785
              ],
              [
                100.548881,
                20.109238
              ],
              [
                100.606294,
                19.508344
              ],
              [
                101.282015,
                19.462585
              ],
              [
                101.035931,
                18.408928
              ],
              [
                101.059548,
                17.512497
              ],
              [
                102.113592,
                18.109102
              ],
              [
                102.413005,
                17.932782
              ],
              [
                102.998706,
                17.961695
              ],
              [
                103.200192,
                18.309632
              ],
              [
                103.956477,
                18.240954
              ],
              [
                104.716947,
                17.428859
              ],
              [
                104.779321,
                16.441865
              ],
              [
                105.589039,
                15.570316
              ],
              [
                105.544338,
                14.723934
              ],
              [
                105.218777,
                14.273212
              ],
              [
                104.281418,
                14.416743
              ],
              [
                102.988422,
                14.225721
              ],
              [
                102.348099,
                13.394247
              ],
              [
                102.584932,
                12.186595
              ]
            ]
          ]
        ]
      }
    },
    {
      "type": "Feature",
      "properties": {
        "name": "Timor-Leste",
        "undernourishment": 29
      },
      "geometry": {
        "type": "MultiPolygon",
        "coordinates": [
          [
            [
              [
                124.968682,
                -8.89279
              ],
              [
                125.086246,
                -8.656887
              ],
              [
                125.947072,
                -8.432095
              ],
              [
                126.644704,
                -8.398247
              ],
              [
                126.957243,
                -8.273345
              ],
              [
                127.335928,
                -8.397317
              ],
              [
                126.967992,
                -8.668256
              ],
              [
                125.925885,
                -9.106007
              ],
              [
                125.08852,
                -9.393173
              ],
              [
                125.07002,
                -9.089987
              ],
              [
                124.968682,
                -8.89279
              ]
            ]
          ]
        ]
      }
    },
    {
      "type": "Feature",
      "properties": {
        "name": "Vietnam",
        "undernourishment": 13
      },
      "geometry": {
        "type": "MultiPolygon",
        "coordinates": [
          [
            [
              [
                108.05018,
                21.55238
              ],
              [
                106.715068,
                20.696851
              ],
              [
                105.881682,
                19.75205
              ],
              [
                105.662006,
                19.058165
              ],
              [
                106.426817,
                18.004121
              ],
              [
                107.361954,
                16.697457
              ],
              [
                108.269495,
                16.079742
              ],
              [
                108.877107,
                15.276691
              ],
              [
                109.33527,
                13.426028
              ],
              [
                109.200136,
                11.666859
              ],
              [
                108.36613,
                11.008321
              ],
              [
                107.220929,
                10.364484
              ],
              [
                106.405113,
                9.53084
              ],
              [
                105.158264,
                8.59976
              ],
              [
                104.795185,
                9.241038
              ],
              [
                105.076202,
                9.918491
              ],
              [
                104.334335,
                10.486544
              ],
              [
                105.199915,
                10.88931
              ],
              [
                106.24967,
                10.961812
              ],
              [
                105.810524,
                11.567615
              ],
              [
                107.491403,
                12.337206
              ],
              [
                107.614548,
                13.535531
              ],
              [
                107.382727,
                14.202441
              ],
              [
                107.564525,
                15.202173
              ],
              [
                107.312706,
                15.908538
              ],
              [
                106.556008,
                16.604284
              ],
              [
                105.925762,
                17.485315
              ],
              [
                105.094598,
                18.666975
              ],
              [
                103.896532,
                19.265181
              ],
              [
                104.183388,
                19.624668
              ],
              [
                104.822574,
                19.886642
              ],
              [
                104.435,
                20.758733
              ],
              [
                103.203861,
                20.766562
              ],
              [
                102.754896,
                21.675137
              ],
              [
                102.170436,
                22.464753
              ],
              [
                102.706992,
                22.708795
              ],
              [
                103.504515,
                22.703757
              ],
              [
                104.476858,
                22.81915
              ],
              [
                105.329209,
                23.352063
              ],
              [
                105.811247,
                22.976892
              ],
              [
                106.725403,
                22.794268
              ],
              [
                106.567273,
                22.218205
              ],
              [
                107.04342,
                21.811899
              ],
              [
                108.05018,
                21.55238
              ]
            ]
          ]
        ]
      }
    }
  ]
}