[
  {
    "Country": "Addis Ababa",
    "Region": "Sub Saharan Africa",
    "Type": "City",
    "Country1": "Ethiopia",
    "lat1": 0,
    "lon1": 0,
    "top1": 0,
    "right1": 0,
    "bottom1": 0,
    "left1": 0
  },
  {
    "Country": "Afghanistan",
    "Region": "Asia",
    "Type": "Country",
    "Country1": "Afghanistan",
    "lat1": 33.92,
    "lon1": 67.7,
    "top1": 60.51,
    "right1": 29.39,
    "bottom1": 74.9,
    "left1": 38.45
  },
  {
    "Country": "Albania",
    "Region": "Asia",
    "Type": "Country",
    "Country1": "Albania",
    "lat1": 41.16,
    "lon1": 20.17,
    "top1": 19.28,
    "right1": 39.67,
    "bottom1": 21.05,
    "left1": 42.66
  },
  {
    "Country": "Algeria",
    "Region": "Africa",
    "Type": "Country",
    "Country1": "Algeria",
    "lat1": 0,
    "lon1": 0,
    "top1": 0,
    "right1": 0,
    "bottom1": 0,
    "left1": 0
  },
  {
    "Country": "American Samoa",
    "Region": 0,
    "Type": "Country",
    "Country1": "American Samoa",
    "lat1": -14.32,
    "lon1": -170.69,
    "top1": -170.82,
    "right1": -14.38,
    "bottom1": -170.56,
    "left1": -14.25
  },
  {
    "Country": "Andorra",
    "Region": "Europe",
    "Type": "Country",
    "Country1": "Andorra",
    "lat1": 42.55,
    "lon1": 1.61,
    "top1": 1.44,
    "right1": 42.44,
    "bottom1": 1.78,
    "left1": 42.65
  },
  {
    "Country": "Angola",
    "Region": "Africa",
    "Type": "Country",
    "Country1": "Angola",
    "lat1": -11.2,
    "lon1": 17.9,
    "top1": 11.73,
    "right1": -18.01,
    "bottom1": 24.06,
    "left1": -4.39
  },
  {
    "Country": "Antigua and Barbuda",
    "Region": "Latin America and the Caribbean",
    "Type": "Country",
    "Country1": "Antigua and Barbuda",
    "lat1": 17.36,
    "lon1": -61.78,
    "top1": -61.89,
    "right1": 16.99,
    "bottom1": -61.67,
    "left1": 17.73
  },
  {
    "Country": "Argentina",
    "Region": "Latin America and the Caribbean",
    "Type": "Country",
    "Country1": "Argentina",
    "lat1": -38.42,
    "lon1": -63.62,
    "top1": -73.58,
    "right1": -55.05,
    "bottom1": -53.65,
    "left1": -21.79
  },
  {
    "Country": "Armenia",
    "Region": "Asia",
    "Type": "Country",
    "Country1": "Armenia",
    "lat1": 40.07,
    "lon1": 45.05,
    "top1": 43.47,
    "right1": 38.84,
    "bottom1": 46.62,
    "left1": 41.3
  },
  {
    "Country": "Aruba",
    "Region": 0,
    "Type": "Country",
    "Country1": "Aruba",
    "lat1": 12.52,
    "lon1": -69.96,
    "top1": -70.06,
    "right1": 12.4,
    "bottom1": -69.86,
    "left1": 12.63
  },
  {
    "Country": "Asayita",
    "Region": "Sub Saharan Africa",
    "Type": "City",
    "Country1": "Ethiopia",
    "lat1": 0,
    "lon1": 0,
    "top1": 0,
    "right1": 0,
    "bottom1": 0,
    "left1": 0
  },
  {
    "Country": "Asosa",
    "Region": "Sub Saharan Africa",
    "Type": "City",
    "Country1": "Ethiopia",
    "lat1": 0,
    "lon1": 0,
    "top1": 0,
    "right1": 0,
    "bottom1": 0,
    "left1": 0
  },
  {
    "Country": "Australia",
    "Region": "Oceania",
    "Type": "Country",
    "Country1": "Australia",
    "lat1": -27.18,
    "lon1": 133.26,
    "top1": 112.91,
    "right1": -43.65,
    "bottom1": 153.62,
    "left1": -10.71
  },
  {
    "Country": "Austria",
    "Region": "Europe",
    "Type": "Country",
    "Country1": "Austria",
    "lat1": 47.7,
    "lon1": 13.36,
    "top1": 9.54,
    "right1": 46.39,
    "bottom1": 17.18,
    "left1": 49.02
  },
  {
    "Country": "Awasa",
    "Region": "Sub Saharan Africa",
    "Type": "City",
    "Country1": "Ethiopia",
    "lat1": 0,
    "lon1": 0,
    "top1": 0,
    "right1": 0,
    "bottom1": 0,
    "left1": 0
  },
  {
    "Country": "Azerbaijan",
    "Region": "Asia",
    "Type": "Country",
    "Country1": "Azerbaijan",
    "lat1": 40.14,
    "lon1": 47.58,
    "top1": 44.78,
    "right1": 38.39,
    "bottom1": 50.38,
    "left1": 41.9
  },
  {
    "Country": "Bahamas",
    "Region": "Latin America and the Caribbean",
    "Type": "Country",
    "Country1": "Bahamas",
    "lat1": 24.59,
    "lon1": -76.32,
    "top1": -78.8,
    "right1": 22.26,
    "bottom1": -73.83,
    "left1": 26.93
  },
  {
    "Country": "Bahirdar",
    "Region": "Sub Saharan Africa",
    "Type": "City",
    "Country1": "Ethiopia",
    "lat1": 0,
    "lon1": 0,
    "top1": 0,
    "right1": 0,
    "bottom1": 0,
    "left1": 0
  },
  {
    "Country": "Bahrain",
    "Region": "Asia",
    "Type": "Country",
    "Country1": "Bahrain",
    "lat1": 26.02,
    "lon1": 50.54,
    "top1": 50.47,
    "right1": 25.79,
    "bottom1": 50.61,
    "left1": 26.24
  },
  {
    "Country": "Bangladesh",
    "Region": "Asia",
    "Type": "Country",
    "Country1": "Bangladesh",
    "lat1": 23.69,
    "lon1": 90.36,
    "top1": 88.04,
    "right1": 20.75,
    "bottom1": 92.67,
    "left1": 26.63
  },
  {
    "Country": "Barbados",
    "Region": "Latin America and the Caribbean",
    "Type": "Country",
    "Country1": "Barbados",
    "lat1": 13.19,
    "lon1": -59.54,
    "top1": -59.66,
    "right1": 13.06,
    "bottom1": -59.43,
    "left1": 13.33
  },
  {
    "Country": "Barranquilla",
    "Region": "Latin America & Caribbean",
    "Type": "City",
    "Country1": "Colombia",
    "lat1": 0,
    "lon1": 0,
    "top1": 0,
    "right1": 0,
    "bottom1": 0,
    "left1": 0
  },
  {
    "Country": "Beira",
    "Region": "Sub Saharan Africa",
    "Type": "City",
    "Country1": "Mozambique",
    "lat1": 0,
    "lon1": 0,
    "top1": 0,
    "right1": 0,
    "bottom1": 0,
    "left1": 0
  },
  {
    "Country": "Belarus",
    "Region": "Europe",
    "Type": "Country",
    "Country1": "Belarus",
    "lat1": 53.71,
    "lon1": 26.19,
    "top1": 19.64,
    "right1": 51.25,
    "bottom1": 32.74,
    "left1": 56.17
  },
  {
    "Country": "Belgium",
    "Region": "Europe",
    "Type": "Country",
    "Country1": "Belgium",
    "lat1": 50.5,
    "lon1": 4.47,
    "top1": 2.54,
    "right1": 49.51,
    "bottom1": 6.4,
    "left1": 51.5
  },
  {
    "Country": "Belize",
    "Region": "Latin America and the Caribbean",
    "Type": "Country",
    "Country1": "Belize",
    "lat1": 17.19,
    "lon1": -88.65,
    "top1": -89.22,
    "right1": 15.89,
    "bottom1": -88.08,
    "left1": 18.49
  },
  {
    "Country": "Benin",
    "Region": "Africa",
    "Type": "Country",
    "Country1": "Benin",
    "lat1": 9.3,
    "lon1": 2.32,
    "top1": 0.78,
    "right1": 6.21,
    "bottom1": 3.86,
    "left1": 12.39
  },
  {
    "Country": "Bermuda",
    "Region": 0,
    "Type": "Country",
    "Country1": "Bermuda",
    "lat1": 32.32,
    "lon1": -64.77,
    "top1": -64.86,
    "right1": 32.26,
    "bottom1": -64.67,
    "left1": 32.38
  },
  {
    "Country": "Bhutan",
    "Region": "Asia",
    "Type": "Country",
    "Country1": "Bhutan",
    "lat1": 27.51,
    "lon1": 90.43,
    "top1": 88.75,
    "right1": 26.7,
    "bottom1": 92.11,
    "left1": 28.32
  },
  {
    "Country": "Blantyre",
    "Region": "Sub Saharan Africa",
    "Type": "City",
    "Country1": "Malawi",
    "lat1": 0,
    "lon1": 0,
    "top1": 0,
    "right1": 0,
    "bottom1": 0,
    "left1": 0
  },
  {
    "Country": "BogotÃ¡",
    "Region": "Latin America & Caribbean",
    "Type": "City",
    "Country1": "Colombia",
    "lat1": 0,
    "lon1": 0,
    "top1": 0,
    "right1": 0,
    "bottom1": 0,
    "left1": 0
  },
  {
    "Country": "Bolivia",
    "Region": 0,
    "Type": "Country",
    "Country1": "Bolivia",
    "lat1": -16.29,
    "lon1": -63.56,
    "top1": -69.65,
    "right1": -22.9,
    "bottom1": -57.46,
    "left1": -9.68
  },
  {
    "Country": "Bolivia (Plurinational State of)",
    "Region": "Latin America and the Caribbean",
    "Type": "Country",
    "Country1": "Bolivia (Plurinational State of)",
    "lat1": 0,
    "lon1": 0,
    "top1": 0,
    "right1": 0,
    "bottom1": 0,
    "left1": 0
  },
  {
    "Country": "Bosnia - Herzegovina",
    "Region": 0,
    "Type": "Country",
    "Country1": "Bosnia - Herzegovina",
    "lat1": 43.92,
    "lon1": 17.68,
    "top1": 15.74,
    "right1": 42.56,
    "bottom1": 19.62,
    "left1": 45.28
  },
  {
    "Country": "Bosnia and Herzegovina",
    "Region": "Europe",
    "Type": "Country",
    "Country1": "Bosnia and Herzegovina",
    "lat1": 0,
    "lon1": 0,
    "top1": 0,
    "right1": 0,
    "bottom1": 0,
    "left1": 0
  },
  {
    "Country": "Botswana",
    "Region": "Africa",
    "Type": "Country",
    "Country1": "Botswana",
    "lat1": -22.35,
    "lon1": 24.68,
    "top1": 20,
    "right1": -26.89,
    "bottom1": 29.37,
    "left1": -17.8
  },
  {
    "Country": "Brazil",
    "Region": "Latin America and the Caribbean",
    "Type": "Country",
    "Country1": "Brazil",
    "lat1": -14.24,
    "lon1": -54.4,
    "top1": -74.01,
    "right1": -33.75,
    "bottom1": -34.8,
    "left1": 5.27
  },
  {
    "Country": "British Virgin Island",
    "Region": 0,
    "Type": "Country",
    "Country1": "British Virgin Island",
    "lat1": 18.23,
    "lon1": -63.76,
    "top1": -64.52,
    "right1": 18.02,
    "bottom1": -63,
    "left1": 18.45
  },
  {
    "Country": "Brunei",
    "Region": 0,
    "Type": "Country",
    "Country1": "Brunei",
    "lat1": 4.54,
    "lon1": 114.73,
    "top1": 114.09,
    "right1": 4.03,
    "bottom1": 115.36,
    "left1": 5.05
  },
  {
    "Country": "Brunei Darussalam",
    "Region": "Asia",
    "Type": "Country",
    "Country1": "Brunei Darussalam",
    "lat1": 0,
    "lon1": 0,
    "top1": 0,
    "right1": 0,
    "bottom1": 0,
    "left1": 0
  },
  {
    "Country": "Bulgaria",
    "Region": "Europe",
    "Type": "Country",
    "Country1": "Bulgaria",
    "lat1": 42.75,
    "lon1": 25.48,
    "top1": 22.36,
    "right1": 41.25,
    "bottom1": 28.61,
    "left1": 44.24
  },
  {
    "Country": "Bunia",
    "Region": "Sub Saharan Africa",
    "Type": "City",
    "Country1": "DR Congo",
    "lat1": 0,
    "lon1": 0,
    "top1": 0,
    "right1": 0,
    "bottom1": 0,
    "left1": 0
  },
  {
    "Country": "Burkina Faso",
    "Region": "Africa",
    "Type": "Country",
    "Country1": "Burkina Faso",
    "lat1": 12.24,
    "lon1": -1.56,
    "top1": -5.52,
    "right1": 9.4,
    "bottom1": 2.4,
    "left1": 15.08
  },
  {
    "Country": "Burundi",
    "Region": "Africa",
    "Type": "Country",
    "Country1": "Burundi",
    "lat1": -3.38,
    "lon1": 29.92,
    "top1": 28.99,
    "right1": -4.45,
    "bottom1": 30.85,
    "left1": -2.3
  },
  {
    "Country": "Busia",
    "Region": "Sub Saharan Africa",
    "Type": "City",
    "Country1": "Kenya",
    "lat1": 0,
    "lon1": 0,
    "top1": 0,
    "right1": 0,
    "bottom1": 0,
    "left1": 0
  },
  {
    "Country": "Cali",
    "Region": "Latin America & Caribbean",
    "Type": "City",
    "Country1": "Colombia",
    "lat1": 0,
    "lon1": 0,
    "top1": 0,
    "right1": 0,
    "bottom1": 0,
    "left1": 0
  },
  {
    "Country": "Cambodia",
    "Region": "Asia",
    "Type": "Country",
    "Country1": "Cambodia",
    "lat1": 12.36,
    "lon1": 104.99,
    "top1": 102.35,
    "right1": 10.01,
    "bottom1": 107.64,
    "left1": 14.7
  },
  {
    "Country": "Cameroon",
    "Region": "Africa",
    "Type": "Country",
    "Country1": "Cameroon",
    "lat1": 0,
    "lon1": 0,
    "top1": 0,
    "right1": 0,
    "bottom1": 0,
    "left1": 0
  },
  {
    "Country": "Cameroon United Republic",
    "Region": 0,
    "Type": "Country",
    "Country1": "Cameroon United Republic",
    "lat1": 7.37,
    "lon1": 12.35,
    "top1": 8.5,
    "right1": 1.65,
    "bottom1": 16.21,
    "left1": 13.08
  },
  {
    "Country": "Canada",
    "Region": "Americas",
    "Type": "Country",
    "Country1": "Canada",
    "lat1": 62.51,
    "lon1": -96.81,
    "top1": -141,
    "right1": 41.91,
    "bottom1": -52.62,
    "left1": 83.11
  },
  {
    "Country": "Cape Verde",
    "Region": "Africa",
    "Type": "Country",
    "Country1": "Cape Verde",
    "lat1": 16,
    "lon1": -24.02,
    "top1": -25.36,
    "right1": 14.81,
    "bottom1": -22.67,
    "left1": 17.19
  },
  {
    "Country": "CapHaitien",
    "Region": "Latin America & Caribbean",
    "Type": "City",
    "Country1": "Haiti",
    "lat1": 0,
    "lon1": 0,
    "top1": 0,
    "right1": 0,
    "bottom1": 0,
    "left1": 0
  },
  {
    "Country": "Central African Republic",
    "Region": "Africa",
    "Type": "Country",
    "Country1": "Central African Republic",
    "lat1": 6.61,
    "lon1": 20.94,
    "top1": 14.41,
    "right1": 2.22,
    "bottom1": 27.46,
    "left1": 11
  },
  {
    "Country": "Chad",
    "Region": "Africa",
    "Type": "Country",
    "Country1": "Chad",
    "lat1": 15.45,
    "lon1": 18.73,
    "top1": 13.46,
    "right1": 7.46,
    "bottom1": 24,
    "left1": 23.45
  },
  {
    "Country": "Chennai",
    "Region": "Asia",
    "Type": "City",
    "Country1": "India",
    "lat1": 0,
    "lon1": 0,
    "top1": 0,
    "right1": 0,
    "bottom1": 0,
    "left1": 0
  },
  {
    "Country": "Chile",
    "Region": "Latin America and the Caribbean",
    "Type": "Country",
    "Country1": "Chile",
    "lat1": -36.61,
    "lon1": -71.36,
    "top1": -75.72,
    "right1": -55.72,
    "bottom1": -67,
    "left1": -17.51
  },
  {
    "Country": "China",
    "Region": "Asia",
    "Type": "Country",
    "Country1": "China",
    "lat1": 35.86,
    "lon1": 104.2,
    "top1": 73.62,
    "right1": 18.17,
    "bottom1": 134.77,
    "left1": 53.55
  },
  {
    "Country": "Colombia",
    "Region": "Latin America and the Caribbean",
    "Type": "Country",
    "Country1": "Colombia",
    "lat1": 4.12,
    "lon1": -72.96,
    "top1": -79.05,
    "right1": -4.22,
    "bottom1": -66.87,
    "left1": 12.46
  },
  {
    "Country": "Comoros",
    "Region": "Africa",
    "Type": "Country",
    "Country1": "Comoros",
    "lat1": -11.87,
    "lon1": 43.87,
    "top1": 43.21,
    "right1": -12.37,
    "bottom1": 44.53,
    "left1": -11.37
  },
  {
    "Country": "Congo",
    "Region": "Africa",
    "Type": "Country",
    "Country1": "Congo",
    "lat1": -0.65,
    "lon1": 14.89,
    "top1": 11.14,
    "right1": -5.02,
    "bottom1": 18.64,
    "left1": 3.71
  },
  {
    "Country": "Cook Islands",
    "Region": "Oceania",
    "Type": "Country",
    "Country1": "Cook Islands",
    "lat1": 0,
    "lon1": 0,
    "top1": 0,
    "right1": 0,
    "bottom1": 0,
    "left1": 0
  },
  {
    "Country": "Costa Rica",
    "Region": "Latin America and the Caribbean",
    "Type": "Country",
    "Country1": "Costa Rica",
    "lat1": 9.62,
    "lon1": -84.23,
    "top1": -85.9,
    "right1": 8.03,
    "bottom1": -82.57,
    "left1": 11.21
  },
  {
    "Country": "Cote D'ivoire",
    "Region": 0,
    "Type": "Country",
    "Country1": "Cote D'ivoire",
    "lat1": 7.54,
    "lon1": -5.55,
    "top1": -8.61,
    "right1": 4.35,
    "bottom1": -2.49,
    "left1": 10.73
  },
  {
    "Country": "Croatia",
    "Region": "Europe",
    "Type": "Country",
    "Country1": "Croatia",
    "lat1": 44.47,
    "lon1": 16.46,
    "top1": 13.5,
    "right1": 42.4,
    "bottom1": 19.43,
    "left1": 46.54
  },
  {
    "Country": "Cte d'Ivoire",
    "Region": "Africa",
    "Type": "Country",
    "Country1": "Cte d'Ivoire",
    "lat1": 0,
    "lon1": 0,
    "top1": 0,
    "right1": 0,
    "bottom1": 0,
    "left1": 0
  },
  {
    "Country": "Cuba",
    "Region": "Latin America and the Caribbean",
    "Type": "Country",
    "Country1": "Cuba",
    "lat1": 21.5,
    "lon1": -79.54,
    "top1": -84.95,
    "right1": 19.82,
    "bottom1": -74.13,
    "left1": 23.19
  },
  {
    "Country": "Cyprus",
    "Region": "Asia",
    "Type": "Country",
    "Country1": "Cyprus",
    "lat1": 35.12,
    "lon1": 33.43,
    "top1": 32.27,
    "right1": 34.56,
    "bottom1": 34.58,
    "left1": 35.67
  },
  {
    "Country": "Czech Republic",
    "Region": "Europe",
    "Type": "Country",
    "Country1": "Czech Republic",
    "lat1": 49.8,
    "lon1": 15.48,
    "top1": 12.09,
    "right1": 48.58,
    "bottom1": 18.87,
    "left1": 51.03
  },
  {
    "Country": "Dandume",
    "Region": "Sub Saharan Africa",
    "Type": "City",
    "Country1": "Nigeria",
    "lat1": 0,
    "lon1": 0,
    "top1": 0,
    "right1": 0,
    "bottom1": 0,
    "left1": 0
  },
  {
    "Country": "Dar es Salaam",
    "Region": "Sub Saharan Africa",
    "Type": "City",
    "Country1": "Tanzania",
    "lat1": 0,
    "lon1": 0,
    "top1": 0,
    "right1": 0,
    "bottom1": 0,
    "left1": 0
  },
  {
    "Country": "Delhi",
    "Region": "Asia",
    "Type": "City",
    "Country1": "India",
    "lat1": 0,
    "lon1": 0,
    "top1": 0,
    "right1": 0,
    "bottom1": 0,
    "left1": 0
  },
  {
    "Country": "Democratic People's Republic of Korea",
    "Region": "Asia",
    "Type": "Country",
    "Country1": "Democratic People's Republic of Korea",
    "lat1": 0,
    "lon1": 0,
    "top1": 0,
    "right1": 0,
    "bottom1": 0,
    "left1": 0
  },
  {
    "Country": "Democratic Republic of the Congo",
    "Region": "Africa",
    "Type": "Country",
    "Country1": "Democratic Republic of the Congo",
    "lat1": 0,
    "lon1": 0,
    "top1": 0,
    "right1": 0,
    "bottom1": 0,
    "left1": 0
  },
  {
    "Country": "Denmark",
    "Region": "Europe",
    "Type": "Country",
    "Country1": "Denmark",
    "lat1": 56.16,
    "lon1": 10.35,
    "top1": 8.09,
    "right1": 54.57,
    "bottom1": 12.62,
    "left1": 57.74
  },
  {
    "Country": "Dese",
    "Region": "Sub Saharan Africa",
    "Type": "City",
    "Country1": "Ethiopia",
    "lat1": 0,
    "lon1": 0,
    "top1": 0,
    "right1": 0,
    "bottom1": 0,
    "left1": 0
  },
  {
    "Country": "Diredawa",
    "Region": "Sub Saharan Africa",
    "Type": "City",
    "Country1": "Ethiopia",
    "lat1": 0,
    "lon1": 0,
    "top1": 0,
    "right1": 0,
    "bottom1": 0,
    "left1": 0
  },
  {
    "Country": "Djibouti",
    "Region": "Africa",
    "Type": "Country",
    "Country1": "Djibouti",
    "lat1": 11.84,
    "lon1": 42.59,
    "top1": 41.76,
    "right1": 10.97,
    "bottom1": 43.42,
    "left1": 12.71
  },
  {
    "Country": "Dominica",
    "Region": "Latin America and the Caribbean",
    "Type": "Country",
    "Country1": "Dominica",
    "lat1": 15.41,
    "lon1": -61.37,
    "top1": -61.49,
    "right1": 15.2,
    "bottom1": -61.25,
    "left1": 15.63
  },
  {
    "Country": "Dominican Republic",
    "Region": "Latin America and the Caribbean",
    "Type": "Country",
    "Country1": "Dominican Republic",
    "lat1": 18.77,
    "lon1": -70.16,
    "top1": -71.99,
    "right1": 17.62,
    "bottom1": -68.32,
    "left1": 19.93
  },
  {
    "Country": "DR Congo",
    "Region": "Sub Saharan Africa",
    "Type": "Country",
    "Country1": "DR Congo",
    "lat1": -0.65,
    "lon1": 14.89,
    "top1": 12.21,
    "right1": -13.45,
    "bottom1": 31.28,
    "left1": 5.35
  },
  {
    "Country": "Ecuador",
    "Region": "Latin America and the Caribbean",
    "Type": "Country",
    "Country1": "Ecuador",
    "lat1": -1.78,
    "lon1": -83.44,
    "top1": -91.67,
    "right1": -5,
    "bottom1": -75.22,
    "left1": 1.44
  },
  {
    "Country": "Egypt",
    "Region": "Africa",
    "Type": "Country",
    "Country1": "Egypt",
    "lat1": 26.82,
    "lon1": 30.26,
    "top1": 24.71,
    "right1": 22,
    "bottom1": 35.81,
    "left1": 31.64
  },
  {
    "Country": "El Salvador",
    "Region": "Latin America and the Caribbean",
    "Type": "Country",
    "Country1": "El Salvador",
    "lat1": 13.8,
    "lon1": -88.9,
    "top1": -90.11,
    "right1": 13.16,
    "bottom1": -87.7,
    "left1": 14.45
  },
  {
    "Country": "Eldoret",
    "Region": "Sub Saharan Africa",
    "Type": "City",
    "Country1": "Kenya",
    "lat1": 0,
    "lon1": 0,
    "top1": 0,
    "right1": 0,
    "bottom1": 0,
    "left1": 0
  },
  {
    "Country": "Equatorial Guinea",
    "Region": "Africa",
    "Type": "Country",
    "Country1": "Equatorial Guinea",
    "lat1": 1.67,
    "lon1": 10.36,
    "top1": 9.36,
    "right1": 1,
    "bottom1": 11.35,
    "left1": 2.35
  },
  {
    "Country": "Eritrea",
    "Region": "Africa",
    "Type": "Country",
    "Country1": "Eritrea",
    "lat1": 15.19,
    "lon1": 39.78,
    "top1": 36.44,
    "right1": 12.36,
    "bottom1": 43.12,
    "left1": 18.01
  },
  {
    "Country": "Estonia",
    "Region": "Europe",
    "Type": "Country",
    "Country1": "Estonia",
    "lat1": 58.6,
    "lon1": 25.01,
    "top1": 21.83,
    "right1": 57.52,
    "bottom1": 28.2,
    "left1": 59.67
  },
  {
    "Country": "Ethiopia",
    "Region": "Africa",
    "Type": "Country",
    "Country1": "Ethiopia",
    "lat1": 9.14,
    "lon1": 40.49,
    "top1": 32.99,
    "right1": 3.41,
    "bottom1": 47.99,
    "left1": 14.87
  },
  {
    "Country": "Falkland Islands",
    "Region": 0,
    "Type": "Country",
    "Country1": "Falkland Islands",
    "lat1": -51.8,
    "lon1": -59.38,
    "top1": -61.03,
    "right1": -52.34,
    "bottom1": -57.73,
    "left1": -51.26
  },
  {
    "Country": "Faroe Islands",
    "Region": 0,
    "Type": "Country",
    "Country1": "Faroe Islands",
    "lat1": 62.13,
    "lon1": -6.9,
    "top1": -7.23,
    "right1": 61.93,
    "bottom1": -6.57,
    "left1": 62.33
  },
  {
    "Country": "Fiji",
    "Region": "Oceania",
    "Type": "Country",
    "Country1": "Fiji",
    "lat1": -17.66,
    "lon1": 178.62,
    "top1": 177.26,
    "right1": -19.16,
    "bottom1": 179.99,
    "left1": -16.15
  },
  {
    "Country": "Finland",
    "Region": "Europe",
    "Type": "Country",
    "Country1": "Finland",
    "lat1": 64.94,
    "lon1": 25.62,
    "top1": 19.65,
    "right1": 59.8,
    "bottom1": 31.59,
    "left1": 70.08
  },
  {
    "Country": "France",
    "Region": "Europe",
    "Type": "Country",
    "Country1": "France",
    "lat1": 46.23,
    "lon1": 2.38,
    "top1": -4.79,
    "right1": 41.37,
    "bottom1": 9.54,
    "left1": 51.09
  },
  {
    "Country": "French Guiana",
    "Region": 0,
    "Type": "Country",
    "Country1": "French Guiana",
    "lat1": 3.93,
    "lon1": -53.13,
    "top1": -54.62,
    "right1": 2.11,
    "bottom1": -51.65,
    "left1": 5.75
  },
  {
    "Country": "French Polynesia",
    "Region": 0,
    "Type": "Country",
    "Country1": "French Polynesia",
    "lat1": -17.69,
    "lon1": -149.4,
    "top1": -149.64,
    "right1": -17.87,
    "bottom1": -149.15,
    "left1": -17.5
  },
  {
    "Country": "French Southern and Antarctic Lands",
    "Region": 0,
    "Type": "Country",
    "Country1": "French Southern and Antarctic Lands",
    "lat1": -49.19,
    "lon1": 69.66,
    "top1": 68.75,
    "right1": -49.72,
    "bottom1": 70.57,
    "left1": -48.65
  },
  {
    "Country": "Gabon",
    "Region": "Africa",
    "Type": "Country",
    "Country1": "Gabon",
    "lat1": -0.8,
    "lon1": 11.61,
    "top1": 8.71,
    "right1": -3.92,
    "bottom1": 14.52,
    "left1": 2.32
  },
  {
    "Country": "Gambela",
    "Region": "Sub Saharan Africa",
    "Type": "City",
    "Country1": "Ethiopia",
    "lat1": 0,
    "lon1": 0,
    "top1": 0,
    "right1": 0,
    "bottom1": 0,
    "left1": 0
  },
  {
    "Country": "Gambia",
    "Region": "Africa",
    "Type": "Country",
    "Country1": "Gambia",
    "lat1": 13.43,
    "lon1": -15.31,
    "top1": -16.83,
    "right1": 13.04,
    "bottom1": -13.8,
    "left1": 13.83
  },
  {
    "Country": "Gaza Strip",
    "Region": 0,
    "Type": "Country",
    "Country1": "Gaza Strip",
    "lat1": 31.41,
    "lon1": 34.39,
    "top1": 34.22,
    "right1": 31.22,
    "bottom1": 34.56,
    "left1": 31.6
  },
  {
    "Country": "Georgia",
    "Region": "Asia",
    "Type": "Country",
    "Country1": "Georgia",
    "lat1": 42.32,
    "lon1": 43.36,
    "top1": 40.01,
    "right1": 41.05,
    "bottom1": 46.71,
    "left1": 43.58
  },
  {
    "Country": "Germany",
    "Region": "Europe",
    "Type": "Country",
    "Country1": "Germany",
    "lat1": 51.1,
    "lon1": 10.45,
    "top1": 5.87,
    "right1": 47.28,
    "bottom1": 15.04,
    "left1": 54.92
  },
  {
    "Country": "Ghana",
    "Region": "Africa",
    "Type": "Country",
    "Country1": "Ghana",
    "lat1": 7.95,
    "lon1": -1.02,
    "top1": -3.25,
    "right1": 4.73,
    "bottom1": 1.2,
    "left1": 11.17
  },
  {
    "Country": "Giwa",
    "Region": "Sub Saharan Africa",
    "Type": "City",
    "Country1": "Nigeria",
    "lat1": 0,
    "lon1": 0,
    "top1": 0,
    "right1": 0,
    "bottom1": 0,
    "left1": 0
  },
  {
    "Country": "Granada",
    "Region": "Latin America & Caribbean",
    "Type": "City",
    "Country1": "Nicaragua",
    "lat1": 0,
    "lon1": 0,
    "top1": 0,
    "right1": 0,
    "bottom1": 0,
    "left1": 0
  },
  {
    "Country": "Greece",
    "Region": "Europe",
    "Type": "Country",
    "Country1": "Greece",
    "lat1": 38.34,
    "lon1": 23.93,
    "top1": 19.63,
    "right1": 34.93,
    "bottom1": 28.24,
    "left1": 41.74
  },
  {
    "Country": "Greenland",
    "Region": 0,
    "Type": "Country",
    "Country1": "Greenland",
    "lat1": 71.71,
    "lon1": -42.6,
    "top1": -73.04,
    "right1": 59.79,
    "bottom1": -12.16,
    "left1": 83.62
  },
  {
    "Country": "Grenada",
    "Region": "Latin America and the Caribbean",
    "Type": "Country",
    "Country1": "Grenada",
    "lat1": 12.12,
    "lon1": -61.69,
    "top1": -61.79,
    "right1": 12,
    "bottom1": -61.6,
    "left1": 12.24
  },
  {
    "Country": "Guadeloupe",
    "Region": 0,
    "Type": "Country",
    "Country1": "Guadeloupe",
    "lat1": 16.23,
    "lon1": -61.45,
    "top1": -61.78,
    "right1": 15.95,
    "bottom1": -61.11,
    "left1": 16.51
  },
  {
    "Country": "Guatemala",
    "Region": "Latin America and the Caribbean",
    "Type": "Country",
    "Country1": "Guatemala",
    "lat1": 15.78,
    "lon1": -90.23,
    "top1": -92.25,
    "right1": 13.75,
    "bottom1": -88.21,
    "left1": 17.82
  },
  {
    "Country": "Guinea",
    "Region": "Africa",
    "Type": "Country",
    "Country1": "Guinea",
    "lat1": 7.94,
    "lon1": -3.06,
    "top1": -15.08,
    "right1": 3.21,
    "bottom1": 8.96,
    "left1": 12.67
  },
  {
    "Country": "Guinea-Bissau",
    "Region": "Africa",
    "Type": "Country",
    "Country1": "Guinea-Bissau",
    "lat1": 11.8,
    "lon1": -15.16,
    "top1": -16.68,
    "right1": 10.92,
    "bottom1": -13.64,
    "left1": 12.68
  },
  {
    "Country": "Guyana",
    "Region": "Latin America and the Caribbean",
    "Type": "Country",
    "Country1": "Guyana",
    "lat1": 4.86,
    "lon1": -58.93,
    "top1": -61.39,
    "right1": 1.19,
    "bottom1": -56.47,
    "left1": 8.53
  },
  {
    "Country": "Haiti",
    "Region": "Latin America and the Caribbean",
    "Type": "Country",
    "Country1": "Haiti",
    "lat1": 18.98,
    "lon1": -73.05,
    "top1": -74.48,
    "right1": 18.02,
    "bottom1": -71.63,
    "left1": 19.93
  },
  {
    "Country": "Hanoi",
    "Region": "Asia",
    "Type": "City",
    "Country1": "Vietnam",
    "lat1": 0,
    "lon1": 0,
    "top1": 0,
    "right1": 0,
    "bottom1": 0,
    "left1": 0
  },
  {
    "Country": "Harari",
    "Region": "Sub Saharan Africa",
    "Type": "City",
    "Country1": "Ethiopia",
    "lat1": 0,
    "lon1": 0,
    "top1": 0,
    "right1": 0,
    "bottom1": 0,
    "left1": 0
  },
  {
    "Country": "Heard Island and McDonald Islands",
    "Region": 0,
    "Type": "Country",
    "Country1": "Heard Island and McDonald Islands",
    "lat1": -53.08,
    "lon1": 73.48,
    "top1": 73.23,
    "right1": -53.2,
    "bottom1": 73.72,
    "left1": -52.96
  },
  {
    "Country": "Hinche",
    "Region": "Latin America & Caribbean",
    "Type": "City",
    "Country1": "Haiti",
    "lat1": 0,
    "lon1": 0,
    "top1": 0,
    "right1": 0,
    "bottom1": 0,
    "left1": 0
  },
  {
    "Country": "Holy See",
    "Region": "Europe",
    "Type": "Country",
    "Country1": "Holy See",
    "lat1": 0,
    "lon1": 0,
    "top1": 0,
    "right1": 0,
    "bottom1": 0,
    "left1": 0
  },
  {
    "Country": "Honduras",
    "Region": "Latin America and the Caribbean",
    "Type": "Country",
    "Country1": "Honduras",
    "lat1": 14.5,
    "lon1": -86.24,
    "top1": -89.35,
    "right1": 12.99,
    "bottom1": -83.13,
    "left1": 16.02
  },
  {
    "Country": "Hong Kong",
    "Region": 0,
    "Type": "Country",
    "Country1": "Hong Kong",
    "lat1": 22.41,
    "lon1": 114.14,
    "top1": 113.9,
    "right1": 22.28,
    "bottom1": 114.39,
    "left1": 22.55
  },
  {
    "Country": "Hubei",
    "Region": "Asia",
    "Type": "City",
    "Country1": "China",
    "lat1": 0,
    "lon1": 0,
    "top1": 0,
    "right1": 0,
    "bottom1": 0,
    "left1": 0
  },
  {
    "Country": "Hunan",
    "Region": "Asia",
    "Type": "City",
    "Country1": "China",
    "lat1": 0,
    "lon1": 0,
    "top1": 0,
    "right1": 0,
    "bottom1": 0,
    "left1": 0
  },
  {
    "Country": "Hungary",
    "Region": "Europe",
    "Type": "Country",
    "Country1": "Hungary",
    "lat1": 47.17,
    "lon1": 19.5,
    "top1": 16.11,
    "right1": 45.76,
    "bottom1": 22.89,
    "left1": 48.58
  },
  {
    "Country": "Ibadan",
    "Region": "Sub Saharan Africa",
    "Type": "City",
    "Country1": "Nigeria",
    "lat1": 0,
    "lon1": 0,
    "top1": 0,
    "right1": 0,
    "bottom1": 0,
    "left1": 0
  },
  {
    "Country": "Iceland",
    "Region": "Europe",
    "Type": "Country",
    "Country1": "Iceland",
    "lat1": 64.97,
    "lon1": -19.01,
    "top1": -24.52,
    "right1": 63.4,
    "bottom1": -13.5,
    "left1": 66.53
  },
  {
    "Country": "Illela",
    "Region": "Sub Saharan Africa",
    "Type": "City",
    "Country1": "Nigeria",
    "lat1": 0,
    "lon1": 0,
    "top1": 0,
    "right1": 0,
    "bottom1": 0,
    "left1": 0
  },
  {
    "Country": "India",
    "Region": "Asia",
    "Type": "Country",
    "Country1": "India",
    "lat1": 21.37,
    "lon1": 82.77,
    "top1": 68.14,
    "right1": 6.75,
    "bottom1": 97.39,
    "left1": 35.99
  },
  {
    "Country": "Indonesia",
    "Region": "Asia",
    "Type": "Country",
    "Country1": "Indonesia",
    "lat1": -2.64,
    "lon1": 118.1,
    "top1": 95.2,
    "right1": -10.93,
    "bottom1": 141.01,
    "left1": 5.65
  },
  {
    "Country": "Iran",
    "Region": 0,
    "Type": "Country",
    "Country1": "Iran",
    "lat1": 32.43,
    "lon1": 53.69,
    "top1": 44.03,
    "right1": 25.08,
    "bottom1": 63.34,
    "left1": 39.78
  },
  {
    "Country": "Iran (Islamic Republic of)",
    "Region": "Asia",
    "Type": "Country",
    "Country1": "Iran (Islamic Republic of)",
    "lat1": 0,
    "lon1": 0,
    "top1": 0,
    "right1": 0,
    "bottom1": 0,
    "left1": 0
  },
  {
    "Country": "Iraq",
    "Region": "Asia",
    "Type": "Country",
    "Country1": "Iraq",
    "lat1": 33.24,
    "lon1": 43.67,
    "top1": 38.79,
    "right1": 29.1,
    "bottom1": 48.55,
    "left1": 37.38
  },
  {
    "Country": "Ireland",
    "Region": "Europe",
    "Type": "Country",
    "Country1": "Ireland",
    "lat1": 53.41,
    "lon1": -8.23,
    "top1": -10.47,
    "right1": 51.45,
    "bottom1": -5.99,
    "left1": 55.38
  },
  {
    "Country": "Iringa",
    "Region": "Sub Saharan Africa",
    "Type": "City",
    "Country1": "Tanzania",
    "lat1": 0,
    "lon1": 0,
    "top1": 0,
    "right1": 0,
    "bottom1": 0,
    "left1": 0
  },
  {
    "Country": "Isle of Man",
    "Region": 0,
    "Type": "Country",
    "Country1": "Isle of Man",
    "lat1": 54.23,
    "lon1": -4.55,
    "top1": -4.78,
    "right1": 54.06,
    "bottom1": -4.31,
    "left1": 54.41
  },
  {
    "Country": "Israel",
    "Region": "Asia",
    "Type": "Country",
    "Country1": "Israel",
    "lat1": 31.39,
    "lon1": 34.97,
    "top1": 34.27,
    "right1": 29.49,
    "bottom1": 35.67,
    "left1": 33.29
  },
  {
    "Country": "Italy",
    "Region": "Europe",
    "Type": "Country",
    "Country1": "Italy",
    "lat1": 41.87,
    "lon1": 12.57,
    "top1": 6.62,
    "right1": 36.65,
    "bottom1": 18.51,
    "left1": 47.09
  },
  {
    "Country": "Jacmel",
    "Region": "Latin America & Caribbean",
    "Type": "City",
    "Country1": "Haiti",
    "lat1": 0,
    "lon1": 0,
    "top1": 0,
    "right1": 0,
    "bottom1": 0,
    "left1": 0
  },
  {
    "Country": "Jamaica",
    "Region": "Latin America and the Caribbean",
    "Type": "Country",
    "Country1": "Jamaica",
    "lat1": 18.11,
    "lon1": -77.28,
    "top1": -78.37,
    "right1": 17.7,
    "bottom1": -76.19,
    "left1": 18.52
  },
  {
    "Country": "Japan",
    "Region": "Asia",
    "Type": "Country",
    "Country1": "Japan",
    "lat1": 35.79,
    "lon1": 136.74,
    "top1": 127.65,
    "right1": 26.08,
    "bottom1": 145.82,
    "left1": 45.51
  },
  {
    "Country": "Jeremie",
    "Region": "Latin America & Caribbean",
    "Type": "City",
    "Country1": "Haiti",
    "lat1": 0,
    "lon1": 0,
    "top1": 0,
    "right1": 0,
    "bottom1": 0,
    "left1": 0
  },
  {
    "Country": "Jijinga",
    "Region": "Sub Saharan Africa",
    "Type": "City",
    "Country1": "Ethiopia",
    "lat1": 0,
    "lon1": 0,
    "top1": 0,
    "right1": 0,
    "bottom1": 0,
    "left1": 0
  },
  {
    "Country": "Jimma",
    "Region": "Sub Saharan Africa",
    "Type": "City",
    "Country1": "Ethiopia",
    "lat1": 0,
    "lon1": 0,
    "top1": 0,
    "right1": 0,
    "bottom1": 0,
    "left1": 0
  },
  {
    "Country": "Jordan",
    "Region": "Asia",
    "Type": "Country",
    "Country1": "Jordan",
    "lat1": 31.28,
    "lon1": 37.09,
    "top1": 34.88,
    "right1": 29.19,
    "bottom1": 39.3,
    "left1": 33.38
  },
  {
    "Country": "Kano",
    "Region": "Sub Saharan Africa",
    "Type": "City",
    "Country1": "Nigeria",
    "lat1": 0,
    "lon1": 0,
    "top1": 0,
    "right1": 0,
    "bottom1": 0,
    "left1": 0
  },
  {
    "Country": "Karachi",
    "Region": "Asia",
    "Type": "City",
    "Country1": "Pakistan",
    "lat1": 0,
    "lon1": 0,
    "top1": 0,
    "right1": 0,
    "bottom1": 0,
    "left1": 0
  },
  {
    "Country": "Kaura",
    "Region": "Sub Saharan Africa",
    "Type": "City",
    "Country1": "Nigeria",
    "lat1": 0,
    "lon1": 0,
    "top1": 0,
    "right1": 0,
    "bottom1": 0,
    "left1": 0
  },
  {
    "Country": "Kazakhstan",
    "Region": "Asia",
    "Type": "Country",
    "Country1": "Kazakhstan",
    "lat1": 48.02,
    "lon1": 66.92,
    "top1": 46.5,
    "right1": 40.59,
    "bottom1": 87.35,
    "left1": 55.44
  },
  {
    "Country": "Kenya",
    "Region": "Africa",
    "Type": "Country",
    "Country1": "Kenya",
    "lat1": -0.03,
    "lon1": 37.93,
    "top1": 33.95,
    "right1": -4.67,
    "bottom1": 41.91,
    "left1": 4.62
  },
  {
    "Country": "Kiribati",
    "Region": "Oceania",
    "Type": "Country",
    "Country1": "Kiribati",
    "lat1": 1.87,
    "lon1": -157.38,
    "top1": -157.57,
    "right1": 1.71,
    "bottom1": -157.19,
    "left1": 2.03
  },
  {
    "Country": "Kisangani",
    "Region": "Sub Saharan Africa",
    "Type": "City",
    "Country1": "DR Congo",
    "lat1": 0,
    "lon1": 0,
    "top1": 0,
    "right1": 0,
    "bottom1": 0,
    "left1": 0
  },
  {
    "Country": "Kisumu",
    "Region": "Sub Saharan Africa",
    "Type": "City",
    "Country1": "Kenya",
    "lat1": 0,
    "lon1": 0,
    "top1": 0,
    "right1": 0,
    "bottom1": 0,
    "left1": 0
  },
  {
    "Country": "Kitui",
    "Region": "Sub Saharan Africa",
    "Type": "City",
    "Country1": "Kenya",
    "lat1": 0,
    "lon1": 0,
    "top1": 0,
    "right1": 0,
    "bottom1": 0,
    "left1": 0
  },
  {
    "Country": "Kosovo",
    "Region": 0,
    "Type": "Country",
    "Country1": "Kosovo",
    "lat1": 42.56,
    "lon1": 20.9,
    "top1": 19.98,
    "right1": 41.86,
    "bottom1": 21.82,
    "left1": 43.27
  },
  {
    "Country": "Kuwait",
    "Region": "Asia",
    "Type": "Country",
    "Country1": "Kuwait",
    "lat1": 29.31,
    "lon1": 47.48,
    "top1": 46.54,
    "right1": 28.54,
    "bottom1": 48.42,
    "left1": 30.08
  },
  {
    "Country": "Kyrgyzstan",
    "Region": "Asia",
    "Type": "Country",
    "Country1": "Kyrgyzstan",
    "lat1": 41.23,
    "lon1": 74.77,
    "top1": 69.25,
    "right1": 39.19,
    "bottom1": 80.29,
    "left1": 43.27
  },
  {
    "Country": "Lahore",
    "Region": "Asia",
    "Type": "City",
    "Country1": "Pakistan",
    "lat1": 0,
    "lon1": 0,
    "top1": 0,
    "right1": 0,
    "bottom1": 0,
    "left1": 0
  },
  {
    "Country": "Lao People's Democratic Republic",
    "Region": "Asia",
    "Type": "Country",
    "Country1": "Lao People's Democratic Republic",
    "lat1": 0,
    "lon1": 0,
    "top1": 0,
    "right1": 0,
    "bottom1": 0,
    "left1": 0
  },
  {
    "Country": "Laos",
    "Region": 0,
    "Type": "Country",
    "Country1": "Laos",
    "lat1": 18.21,
    "lon1": 103.89,
    "top1": 100.09,
    "right1": 13.92,
    "bottom1": 107.7,
    "left1": 22.5
  },
  {
    "Country": "Latvia",
    "Region": "Europe",
    "Type": "Country",
    "Country1": "Latvia",
    "lat1": 56.88,
    "lon1": 24.61,
    "top1": 20.99,
    "right1": 55.67,
    "bottom1": 28.24,
    "left1": 58.08
  },
  {
    "Country": "Lebanon",
    "Region": "Asia",
    "Type": "Country",
    "Country1": "Lebanon",
    "lat1": 33.88,
    "lon1": 35.86,
    "top1": 35.1,
    "right1": 33.06,
    "bottom1": 36.62,
    "left1": 34.69
  },
  {
    "Country": "Leon",
    "Region": "Latin America & Caribbean",
    "Type": "City",
    "Country1": "Nicaragua",
    "lat1": 0,
    "lon1": 0,
    "top1": 0,
    "right1": 0,
    "bottom1": 0,
    "left1": 0
  },
  {
    "Country": "Les Cayes",
    "Region": "Latin America & Caribbean",
    "Type": "City",
    "Country1": "Haiti",
    "lat1": 0,
    "lon1": 0,
    "top1": 0,
    "right1": 0,
    "bottom1": 0,
    "left1": 0
  },
  {
    "Country": "Lesotho",
    "Region": "Africa",
    "Type": "Country",
    "Country1": "Lesotho",
    "lat1": -29.61,
    "lon1": 28.24,
    "top1": 27.01,
    "right1": -30.66,
    "bottom1": 29.46,
    "left1": -28.57
  },
  {
    "Country": "Liberia",
    "Region": "Africa",
    "Type": "Country",
    "Country1": "Liberia",
    "lat1": 6.46,
    "lon1": -9.43,
    "top1": -11.5,
    "right1": 4.35,
    "bottom1": -7.37,
    "left1": 8.57
  },
  {
    "Country": "Libya",
    "Region": "Africa",
    "Type": "Country",
    "Country1": "Libya",
    "lat1": 26.33,
    "lon1": 17.22,
    "top1": 9.3,
    "right1": 19.5,
    "bottom1": 25.13,
    "left1": 33.17
  },
  {
    "Country": "Liechtenstein",
    "Region": "Europe",
    "Type": "Country",
    "Country1": "Liechtenstein",
    "lat1": 47.16,
    "lon1": 9.56,
    "top1": 9.48,
    "right1": 47.05,
    "bottom1": 9.64,
    "left1": 47.27
  },
  {
    "Country": "Lilongwe",
    "Region": "Sub Saharan Africa",
    "Type": "City",
    "Country1": "Malawi",
    "lat1": 0,
    "lon1": 0,
    "top1": 0,
    "right1": 0,
    "bottom1": 0,
    "left1": 0
  },
  {
    "Country": "Lima",
    "Region": "Latin America & Caribbean",
    "Type": "City",
    "Country1": "Peru",
    "lat1": 0,
    "lon1": 0,
    "top1": 0,
    "right1": 0,
    "bottom1": 0,
    "left1": 0
  },
  {
    "Country": "Lithuania",
    "Region": "Europe",
    "Type": "Country",
    "Country1": "Lithuania",
    "lat1": 55.17,
    "lon1": 23.88,
    "top1": 20.93,
    "right1": 53.89,
    "bottom1": 26.82,
    "left1": 56.45
  },
  {
    "Country": "Liwonde",
    "Region": "Sub Saharan Africa",
    "Type": "City",
    "Country1": "Malawi",
    "lat1": 0,
    "lon1": 0,
    "top1": 0,
    "right1": 0,
    "bottom1": 0,
    "left1": 0
  },
  {
    "Country": "Lizulu",
    "Region": "Sub Saharan Africa",
    "Type": "City",
    "Country1": "Malawi",
    "lat1": 0,
    "lon1": 0,
    "top1": 0,
    "right1": 0,
    "bottom1": 0,
    "left1": 0
  },
  {
    "Country": "Luxembourg",
    "Region": "Europe",
    "Type": "Country",
    "Country1": "Luxembourg",
    "lat1": 49.81,
    "lon1": 6.13,
    "top1": 5.73,
    "right1": 49.45,
    "bottom1": 6.52,
    "left1": 50.17
  },
  {
    "Country": "Macau",
    "Region": 0,
    "Type": "Country",
    "Country1": "Macau",
    "lat1": 22.15,
    "lon1": 113.57,
    "top1": 113.53,
    "right1": 22.09,
    "bottom1": 113.6,
    "left1": 22.21
  },
  {
    "Country": "Macedonia",
    "Region": 0,
    "Type": "Country",
    "Country1": "Macedonia",
    "lat1": 41.61,
    "lon1": 21.75,
    "top1": 20.46,
    "right1": 40.86,
    "bottom1": 23.03,
    "left1": 42.36
  },
  {
    "Country": "Madagascar",
    "Region": "Africa",
    "Type": "Country",
    "Country1": "Madagascar",
    "lat1": -22.25,
    "lon1": 46.86,
    "top1": 43.22,
    "right1": -25.6,
    "bottom1": 50.5,
    "left1": -11.95
  },
  {
    "Country": "Mai Adua",
    "Region": "Sub Saharan Africa",
    "Type": "City",
    "Country1": "Nigeria",
    "lat1": 0,
    "lon1": 0,
    "top1": 0,
    "right1": 0,
    "bottom1": 0,
    "left1": 0
  },
  {
    "Country": "Malawi",
    "Region": "Africa",
    "Type": "Country",
    "Country1": "Malawi",
    "lat1": -13.25,
    "lon1": 34.31,
    "top1": 32.69,
    "right1": -17.14,
    "bottom1": 35.92,
    "left1": -9.37
  },
  {
    "Country": "Malaysia",
    "Region": "Asia",
    "Type": "Country",
    "Country1": "Malaysia",
    "lat1": 4.11,
    "lon1": 109.46,
    "top1": 99.65,
    "right1": 0.85,
    "bottom1": 119.28,
    "left1": 7.36
  },
  {
    "Country": "Maldives",
    "Region": "Asia",
    "Type": "Country",
    "Country1": "Maldives",
    "lat1": 3.2,
    "lon1": 73.22,
    "top1": 72.68,
    "right1": -0.69,
    "bottom1": 73.75,
    "left1": 7.1
  },
  {
    "Country": "Mali",
    "Region": "Africa",
    "Type": "Country",
    "Country1": "Mali",
    "lat1": 17.57,
    "lon1": -4,
    "top1": -12.25,
    "right1": 10.14,
    "bottom1": 4.25,
    "left1": 25
  },
  {
    "Country": "Malta",
    "Region": "Europe",
    "Type": "Country",
    "Country1": "Malta",
    "lat1": 35.94,
    "lon1": 14.38,
    "top1": 14.18,
    "right1": 35.8,
    "bottom1": 14.57,
    "left1": 36.08
  },
  {
    "Country": "Managua",
    "Region": "Latin America & Caribbean",
    "Type": "City",
    "Country1": "Nicaragua",
    "lat1": 0,
    "lon1": 0,
    "top1": 0,
    "right1": 0,
    "bottom1": 0,
    "left1": 0
  },
  {
    "Country": "Maputo",
    "Region": "Sub Saharan Africa",
    "Type": "City",
    "Country1": "Mozambique",
    "lat1": 0,
    "lon1": 0,
    "top1": 0,
    "right1": 0,
    "bottom1": 0,
    "left1": 0
  },
  {
    "Country": "Marshall Islands",
    "Region": "Oceania",
    "Type": "Country",
    "Country1": "Marshall Islands",
    "lat1": 0,
    "lon1": 0,
    "top1": 0,
    "right1": 0,
    "bottom1": 0,
    "left1": 0
  },
  {
    "Country": "Martinique",
    "Region": 0,
    "Type": "Country",
    "Country1": "Martinique",
    "lat1": 14.64,
    "lon1": -61.02,
    "top1": -61.23,
    "right1": 14.4,
    "bottom1": -60.81,
    "left1": 14.88
  },
  {
    "Country": "Mauritania",
    "Region": "Africa",
    "Type": "Country",
    "Country1": "Mauritania",
    "lat1": 21,
    "lon1": -10.93,
    "top1": -17.05,
    "right1": 14.73,
    "bottom1": -4.81,
    "left1": 27.28
  },
  {
    "Country": "Mauritius",
    "Region": "Africa",
    "Type": "Country",
    "Country1": "Mauritius",
    "lat1": -20.25,
    "lon1": 57.55,
    "top1": 57.31,
    "right1": -20.51,
    "bottom1": 57.79,
    "left1": -20
  },
  {
    "Country": "Maxixe",
    "Region": "Sub Saharan Africa",
    "Type": "City",
    "Country1": "Mozambique",
    "lat1": 0,
    "lon1": 0,
    "top1": 0,
    "right1": 0,
    "bottom1": 0,
    "left1": 0
  },
  {
    "Country": "Mekele",
    "Region": "Sub Saharan Africa",
    "Type": "City",
    "Country1": "Ethiopia",
    "lat1": 0,
    "lon1": 0,
    "top1": 0,
    "right1": 0,
    "bottom1": 0,
    "left1": 0
  },
  {
    "Country": "Mexico",
    "Region": "Latin America and the Caribbean",
    "Type": "Country",
    "Country1": "Mexico",
    "lat1": 23.63,
    "lon1": -101.93,
    "top1": -117.12,
    "right1": 14.55,
    "bottom1": -86.75,
    "left1": 32.72
  },
  {
    "Country": "Micronesia (Federated States of)",
    "Region": "Oceania",
    "Type": "Country",
    "Country1": "Micronesia (Federated States of)",
    "lat1": 0,
    "lon1": 0,
    "top1": 0,
    "right1": 0,
    "bottom1": 0,
    "left1": 0
  },
  {
    "Country": "Moldova",
    "Region": 0,
    "Type": "Country",
    "Country1": "Moldova",
    "lat1": 46.97,
    "lon1": 28.38,
    "top1": 26.64,
    "right1": 45.45,
    "bottom1": 30.13,
    "left1": 48.49
  },
  {
    "Country": "Mombasa",
    "Region": "Sub Saharan Africa",
    "Type": "City",
    "Country1": "Kenya",
    "lat1": 0,
    "lon1": 0,
    "top1": 0,
    "right1": 0,
    "bottom1": 0,
    "left1": 0
  },
  {
    "Country": "Monaco",
    "Region": "Europe",
    "Type": "Country",
    "Country1": "Monaco",
    "lat1": 0,
    "lon1": 0,
    "top1": 0,
    "right1": 0,
    "bottom1": 0,
    "left1": 0
  },
  {
    "Country": "Mongolia",
    "Region": "Asia",
    "Type": "Country",
    "Country1": "Mongolia",
    "lat1": 46.86,
    "lon1": 103.84,
    "top1": 87.76,
    "right1": 41.58,
    "bottom1": 119.93,
    "left1": 52.14
  },
  {
    "Country": "Montenegro",
    "Region": "Europe",
    "Type": "Country",
    "Country1": "Montenegro",
    "lat1": 42.7,
    "lon1": 19.42,
    "top1": 18.45,
    "right1": 41.85,
    "bottom1": 20.38,
    "left1": 43.56
  },
  {
    "Country": "Morocco",
    "Region": "Africa",
    "Type": "Country",
    "Country1": "Morocco",
    "lat1": 31.79,
    "lon1": -7.09,
    "top1": -13.18,
    "right1": 27.67,
    "bottom1": -1.01,
    "left1": 35.92
  },
  {
    "Country": "Moussoro",
    "Region": "Sub Saharan Africa",
    "Type": "City",
    "Country1": "Chad",
    "lat1": 0,
    "lon1": 0,
    "top1": 0,
    "right1": 0,
    "bottom1": 0,
    "left1": 0
  },
  {
    "Country": "Mozambique",
    "Region": "Africa",
    "Type": "Country",
    "Country1": "Mozambique",
    "lat1": -18.67,
    "lon1": 35.53,
    "top1": 30.21,
    "right1": -26.86,
    "bottom1": 40.84,
    "left1": -10.48
  },
  {
    "Country": "Multan",
    "Region": "Asia",
    "Type": "City",
    "Country1": "Pakistan",
    "lat1": 0,
    "lon1": 0,
    "top1": 0,
    "right1": 0,
    "bottom1": 0,
    "left1": 0
  },
  {
    "Country": "Mumbai",
    "Region": "Asia",
    "Type": "City",
    "Country1": "India",
    "lat1": 0,
    "lon1": 0,
    "top1": 0,
    "right1": 0,
    "bottom1": 0,
    "left1": 0
  },
  {
    "Country": "Myanmar",
    "Region": "Asia",
    "Type": "Country",
    "Country1": "Myanmar",
    "lat1": 19.27,
    "lon1": 96.68,
    "top1": 92.19,
    "right1": 9.99,
    "bottom1": 101.16,
    "left1": 28.55
  },
  {
    "Country": "Mzimba",
    "Region": "Sub Saharan Africa",
    "Type": "City",
    "Country1": "Malawi",
    "lat1": 0,
    "lon1": 0,
    "top1": 0,
    "right1": 0,
    "bottom1": 0,
    "left1": 0
  },
  {
    "Country": "Mzuzu",
    "Region": "Sub Saharan Africa",
    "Type": "City",
    "Country1": "Malawi",
    "lat1": 0,
    "lon1": 0,
    "top1": 0,
    "right1": 0,
    "bottom1": 0,
    "left1": 0
  },
  {
    "Country": "N'Djamena",
    "Region": "Sub Saharan Africa",
    "Type": "City",
    "Country1": "Chad",
    "lat1": 0,
    "lon1": 0,
    "top1": 0,
    "right1": 0,
    "bottom1": 0,
    "left1": 0
  },
  {
    "Country": "Nairobi",
    "Region": "Sub Saharan Africa",
    "Type": "City",
    "Country1": "Kenya",
    "lat1": 0,
    "lon1": 0,
    "top1": 0,
    "right1": 0,
    "bottom1": 0,
    "left1": 0
  },
  {
    "Country": "Nakuru",
    "Region": "Sub Saharan Africa",
    "Type": "City",
    "Country1": "Kenya",
    "lat1": 0,
    "lon1": 0,
    "top1": 0,
    "right1": 0,
    "bottom1": 0,
    "left1": 0
  },
  {
    "Country": "Namibia",
    "Region": "Africa",
    "Type": "Country",
    "Country1": "Namibia",
    "lat1": -22.96,
    "lon1": 18.5,
    "top1": 11.73,
    "right1": -28.96,
    "bottom1": 25.27,
    "left1": -16.97
  },
  {
    "Country": "Nampula",
    "Region": "Sub Saharan Africa",
    "Type": "City",
    "Country1": "Mozambique",
    "lat1": 0,
    "lon1": 0,
    "top1": 0,
    "right1": 0,
    "bottom1": 0,
    "left1": 0
  },
  {
    "Country": "Nauru",
    "Region": "Oceania",
    "Type": "Country",
    "Country1": "Nauru",
    "lat1": 0,
    "lon1": 0,
    "top1": 0,
    "right1": 0,
    "bottom1": 0,
    "left1": 0
  },
  {
    "Country": "Nekempte",
    "Region": "Sub Saharan Africa",
    "Type": "City",
    "Country1": "Ethiopia",
    "lat1": 0,
    "lon1": 0,
    "top1": 0,
    "right1": 0,
    "bottom1": 0,
    "left1": 0
  },
  {
    "Country": "Nepal",
    "Region": "Asia",
    "Type": "Country",
    "Country1": "Nepal",
    "lat1": 28.38,
    "lon1": 84.13,
    "top1": 80.06,
    "right1": 26.35,
    "bottom1": 88.2,
    "left1": 30.42
  },
  {
    "Country": "Netherlands",
    "Region": "Europe",
    "Type": "Country",
    "Country1": "Netherlands",
    "lat1": 52.13,
    "lon1": 5.29,
    "top1": 3.36,
    "right1": 50.76,
    "bottom1": 7.21,
    "left1": 53.51
  },
  {
    "Country": "Netherlands Antilles",
    "Region": 0,
    "Type": "Country",
    "Country1": "Netherlands Antilles",
    "lat1": 12.45,
    "lon1": -69.39,
    "top1": -70.28,
    "right1": 12.03,
    "bottom1": -68.5,
    "left1": 12.86
  },
  {
    "Country": "New Caledonia",
    "Region": 0,
    "Type": "Country",
    "Country1": "New Caledonia",
    "lat1": -21.24,
    "lon1": 166.07,
    "top1": 163.99,
    "right1": -22.39,
    "bottom1": 168.15,
    "left1": -20.09
  },
  {
    "Country": "New Zealand",
    "Region": "Oceania",
    "Type": "Country",
    "Country1": "New Zealand",
    "lat1": -41.96,
    "lon1": 172.06,
    "top1": 165.57,
    "right1": -50.85,
    "bottom1": 178.56,
    "left1": -33.07
  },
  {
    "Country": "Nicaragua",
    "Region": "Latin America and the Caribbean",
    "Type": "Country",
    "Country1": "Nicaragua",
    "lat1": 12.87,
    "lon1": -85.41,
    "top1": -87.69,
    "right1": 10.71,
    "bottom1": -83.13,
    "left1": 15.02
  },
  {
    "Country": "Niger",
    "Region": "Africa",
    "Type": "Country",
    "Country1": "Niger",
    "lat1": 17.61,
    "lon1": 8.08,
    "top1": 0.17,
    "right1": 11.69,
    "bottom1": 16,
    "left1": 23.52
  },
  {
    "Country": "Nigeria",
    "Region": "Africa",
    "Type": "Country",
    "Country1": "Nigeria",
    "lat1": 9.09,
    "lon1": 8.68,
    "top1": 2.68,
    "right1": 4.28,
    "bottom1": 14.67,
    "left1": 13.89
  },
  {
    "Country": "Niue",
    "Region": "Oceania",
    "Type": "Country",
    "Country1": "Niue",
    "lat1": 0,
    "lon1": 0,
    "top1": 0,
    "right1": 0,
    "bottom1": 0,
    "left1": 0
  },
  {
    "Country": "North Korea",
    "Region": 0,
    "Type": "Country",
    "Country1": "North Korea",
    "lat1": 40.33,
    "lon1": 127.51,
    "top1": 124.32,
    "right1": 37.68,
    "bottom1": 130.69,
    "left1": 42.98
  },
  {
    "Country": "Northern Mariana Islands",
    "Region": 0,
    "Type": "Country",
    "Country1": "Northern Mariana Islands",
    "lat1": 13.44,
    "lon1": 144.79,
    "top1": 144.62,
    "right1": 13.24,
    "bottom1": 144.95,
    "left1": 13.63
  },
  {
    "Country": "Norway",
    "Region": "Europe",
    "Type": "Country",
    "Country1": "Norway",
    "lat1": 69.25,
    "lon1": 12.25,
    "top1": -9.12,
    "right1": 58,
    "bottom1": 33.62,
    "left1": 80.51
  },
  {
    "Country": "Nsanje",
    "Region": "Sub Saharan Africa",
    "Type": "City",
    "Country1": "Malawi",
    "lat1": 0,
    "lon1": 0,
    "top1": 0,
    "right1": 0,
    "bottom1": 0,
    "left1": 0
  },
  {
    "Country": "Oman",
    "Region": "Asia",
    "Type": "Country",
    "Country1": "Oman",
    "lat1": 20.84,
    "lon1": 55.87,
    "top1": 51.9,
    "right1": 16.64,
    "bottom1": 59.84,
    "left1": 25.04
  },
  {
    "Country": "Ouanaminthe",
    "Region": "Latin America & Caribbean",
    "Type": "City",
    "Country1": "Haiti",
    "lat1": 0,
    "lon1": 0,
    "top1": 0,
    "right1": 0,
    "bottom1": 0,
    "left1": 0
  },
  {
    "Country": "Pakistan",
    "Region": "Asia",
    "Type": "Country",
    "Country1": "Pakistan",
    "lat1": 30.38,
    "lon1": 69.35,
    "top1": 60.87,
    "right1": 23.69,
    "bottom1": 77.83,
    "left1": 37.06
  },
  {
    "Country": "Palau",
    "Region": "Oceania",
    "Type": "Country",
    "Country1": "Palau",
    "lat1": 0,
    "lon1": 0,
    "top1": 0,
    "right1": 0,
    "bottom1": 0,
    "left1": 0
  },
  {
    "Country": "Panama",
    "Region": "Latin America and the Caribbean",
    "Type": "Country",
    "Country1": "Panama",
    "lat1": 8.41,
    "lon1": -80.09,
    "top1": -83.03,
    "right1": 7.21,
    "bottom1": -77.15,
    "left1": 9.62
  },
  {
    "Country": "Papua New Guinea",
    "Region": "Oceania",
    "Type": "Country",
    "Country1": "Papua New Guinea",
    "lat1": -6.79,
    "lon1": 147.31,
    "top1": 140.85,
    "right1": -11.62,
    "bottom1": 153.78,
    "left1": -1.95
  },
  {
    "Country": "Paraguay",
    "Region": "Latin America and the Caribbean",
    "Type": "Country",
    "Country1": "Paraguay",
    "lat1": -23.44,
    "lon1": -58.44,
    "top1": -62.64,
    "right1": -27.59,
    "bottom1": -54.24,
    "left1": -19.3
  },
  {
    "Country": "Patna",
    "Region": "Asia",
    "Type": "City",
    "Country1": "India",
    "lat1": 0,
    "lon1": 0,
    "top1": 0,
    "right1": 0,
    "bottom1": 0,
    "left1": 0
  },
  {
    "Country": "Peru",
    "Region": "Latin America and the Caribbean",
    "Type": "Country",
    "Country1": "Peru",
    "lat1": -9.19,
    "lon1": -75.02,
    "top1": -81.36,
    "right1": -18.35,
    "bottom1": -68.69,
    "left1": -0.04
  },
  {
    "Country": "Peshawar",
    "Region": "Asia",
    "Type": "City",
    "Country1": "Pakistan",
    "lat1": 0,
    "lon1": 0,
    "top1": 0,
    "right1": 0,
    "bottom1": 0,
    "left1": 0
  },
  {
    "Country": "Philippines",
    "Region": "Asia",
    "Type": "Country",
    "Country1": "Philippines",
    "lat1": 11.85,
    "lon1": 121.89,
    "top1": 117.17,
    "right1": 5.05,
    "bottom1": 126.6,
    "left1": 18.65
  },
  {
    "Country": "Poland",
    "Region": "Europe",
    "Type": "Country",
    "Country1": "Poland",
    "lat1": 51.92,
    "lon1": 19.14,
    "top1": 14.13,
    "right1": 49.01,
    "bottom1": 24.14,
    "left1": 54.84
  },
  {
    "Country": "Port-au-Prince",
    "Region": "Latin America & Caribbean",
    "Type": "City",
    "Country1": "Haiti",
    "lat1": 0,
    "lon1": 0,
    "top1": 0,
    "right1": 0,
    "bottom1": 0,
    "left1": 0
  },
  {
    "Country": "Portugal",
    "Region": "Europe",
    "Type": "Country",
    "Country1": "Portugal",
    "lat1": 37.39,
    "lon1": -17.37,
    "top1": -28.55,
    "right1": 32.64,
    "bottom1": -6.19,
    "left1": 42.15
  },
  {
    "Country": "Puerto Rico",
    "Region": 0,
    "Type": "Country",
    "Country1": "Puerto Rico",
    "lat1": 18.22,
    "lon1": -66.44,
    "top1": -67.26,
    "right1": 17.93,
    "bottom1": -65.63,
    "left1": 18.51
  },
  {
    "Country": "Qatar",
    "Region": "Asia",
    "Type": "Country",
    "Country1": "Qatar",
    "lat1": 25.35,
    "lon1": 51.18,
    "top1": 50.75,
    "right1": 24.56,
    "bottom1": 51.61,
    "left1": 26.15
  },
  {
    "Country": "Quetta",
    "Region": "Asia",
    "Type": "City",
    "Country1": "Pakistan",
    "lat1": 0,
    "lon1": 0,
    "top1": 0,
    "right1": 0,
    "bottom1": 0,
    "left1": 0
  },
  {
    "Country": "Republic of Korea",
    "Region": "Asia",
    "Type": "Country",
    "Country1": "Republic of Korea",
    "lat1": 0,
    "lon1": 0,
    "top1": 0,
    "right1": 0,
    "bottom1": 0,
    "left1": 0
  },
  {
    "Country": "Republic of Moldova",
    "Region": "Europe",
    "Type": "Country",
    "Country1": "Republic of Moldova",
    "lat1": 0,
    "lon1": 0,
    "top1": 0,
    "right1": 0,
    "bottom1": 0,
    "left1": 0
  },
  {
    "Country": "Reunion",
    "Region": 0,
    "Type": "Country",
    "Country1": "Reunion",
    "lat1": -21.12,
    "lon1": 55.54,
    "top1": 55.22,
    "right1": -21.37,
    "bottom1": 55.85,
    "left1": -20.87
  },
  {
    "Country": "Rio San Juan",
    "Region": "Latin America & Caribbean",
    "Type": "City",
    "Country1": "Nicaragua",
    "lat1": 0,
    "lon1": 0,
    "top1": 0,
    "right1": 0,
    "bottom1": 0,
    "left1": 0
  },
  {
    "Country": "Romania",
    "Region": "Europe",
    "Type": "Country",
    "Country1": "Romania",
    "lat1": 45.94,
    "lon1": 24.98,
    "top1": 20.26,
    "right1": 43.62,
    "bottom1": 29.7,
    "left1": 48.25
  },
  {
    "Country": "Russian Fed.",
    "Region": 0,
    "Type": "Country",
    "Country1": "Russian Fed.",
    "lat1": 62.23,
    "lon1": 103.49,
    "top1": 26.97,
    "right1": 41.2,
    "bottom1": 180,
    "left1": 83.27
  },
  {
    "Country": "Russian Federation",
    "Region": "Europe",
    "Type": "Country",
    "Country1": "Russian Federation",
    "lat1": 0,
    "lon1": 0,
    "top1": 0,
    "right1": 0,
    "bottom1": 0,
    "left1": 0
  },
  {
    "Country": "Rwanda",
    "Region": "Africa",
    "Type": "Country",
    "Country1": "Rwanda",
    "lat1": -1.94,
    "lon1": 29.86,
    "top1": 28.85,
    "right1": -2.83,
    "bottom1": 30.88,
    "left1": -1.06
  },
  {
    "Country": "Saint Helena",
    "Region": 0,
    "Type": "Country",
    "Country1": "Saint Helena",
    "lat1": -15.96,
    "lon1": -5.72,
    "top1": -5.79,
    "right1": -16.02,
    "bottom1": -5.64,
    "left1": -15.89
  },
  {
    "Country": "Saint Kitts and Nevis",
    "Region": "Latin America and the Caribbean",
    "Type": "Country",
    "Country1": "Saint Kitts and Nevis",
    "lat1": 0,
    "lon1": 0,
    "top1": 0,
    "right1": 0,
    "bottom1": 0,
    "left1": 0
  },
  {
    "Country": "Saint Lucia",
    "Region": "Latin America and the Caribbean",
    "Type": "Country",
    "Country1": "Saint Lucia",
    "lat1": 0,
    "lon1": 0,
    "top1": 0,
    "right1": 0,
    "bottom1": 0,
    "left1": 0
  },
  {
    "Country": "Saint Vincent and the Grenadines",
    "Region": "Latin America and the Caribbean",
    "Type": "Country",
    "Country1": "Saint Vincent and the Grenadines",
    "lat1": 0,
    "lon1": 0,
    "top1": 0,
    "right1": 0,
    "bottom1": 0,
    "left1": 0
  },
  {
    "Country": "Saminaka",
    "Region": "Sub Saharan Africa",
    "Type": "City",
    "Country1": "Nigeria",
    "lat1": 0,
    "lon1": 0,
    "top1": 0,
    "right1": 0,
    "bottom1": 0,
    "left1": 0
  },
  {
    "Country": "Samoa",
    "Region": "Oceania",
    "Type": "Country",
    "Country1": "Samoa",
    "lat1": -13.76,
    "lon1": -172.11,
    "top1": -172.77,
    "right1": -14.05,
    "bottom1": -171.44,
    "left1": -13.46
  },
  {
    "Country": "San Marino",
    "Region": "Europe",
    "Type": "Country",
    "Country1": "San Marino",
    "lat1": 43.94,
    "lon1": 12.46,
    "top1": 12.41,
    "right1": 43.89,
    "bottom1": 12.51,
    "left1": 43.99
  },
  {
    "Country": "SÃ£o Paulo",
    "Region": "Latin America & Caribbean",
    "Type": "City",
    "Country1": "Brazil",
    "lat1": 0,
    "lon1": 0,
    "top1": 0,
    "right1": 0,
    "bottom1": 0,
    "left1": 0
  },
  {
    "Country": "Sao Tome and Principe",
    "Region": "Africa",
    "Type": "Country",
    "Country1": "Sao Tome and Principe",
    "lat1": 0.86,
    "lon1": 6.96,
    "top1": 6.46,
    "right1": 0.02,
    "bottom1": 7.46,
    "left1": 1.7
  },
  {
    "Country": "Saudi Arabia",
    "Region": "Asia",
    "Type": "Country",
    "Country1": "Saudi Arabia",
    "lat1": 23.67,
    "lon1": 45.56,
    "top1": 34.6,
    "right1": 15.11,
    "bottom1": 56.51,
    "left1": 32.24
  },
  {
    "Country": "Senegal",
    "Region": "Africa",
    "Type": "Country",
    "Country1": "Senegal",
    "lat1": 14.5,
    "lon1": -14.44,
    "top1": -17.52,
    "right1": 12.3,
    "bottom1": -11.36,
    "left1": 16.69
  },
  {
    "Country": "Serbia",
    "Region": "Europe",
    "Type": "Country",
    "Country1": "Serbia",
    "lat1": 44.2,
    "lon1": 20.92,
    "top1": 18.83,
    "right1": 42.23,
    "bottom1": 23.01,
    "left1": 46.17
  },
  {
    "Country": "Serbia and Montenegro",
    "Region": 0,
    "Type": "Country",
    "Country1": "Serbia and Montenegro",
    "lat1": 0,
    "lon1": 0,
    "top1": 0,
    "right1": 0,
    "bottom1": 0,
    "left1": 0
  },
  {
    "Country": "Seychelles",
    "Region": "Africa",
    "Type": "Country",
    "Country1": "Seychelles",
    "lat1": -4.53,
    "lon1": 55.58,
    "top1": 55.37,
    "right1": -4.79,
    "bottom1": 55.79,
    "left1": -4.28
  },
  {
    "Country": "Sierra Leone",
    "Region": "Africa",
    "Type": "Country",
    "Country1": "Sierra Leone",
    "lat1": 8.46,
    "lon1": -11.78,
    "top1": -13.3,
    "right1": 6.91,
    "bottom1": -10.27,
    "left1": 10
  },
  {
    "Country": "Singapore",
    "Region": "Asia",
    "Type": "Country",
    "Country1": "Singapore",
    "lat1": 1.34,
    "lon1": 103.82,
    "top1": 103.65,
    "right1": 1.26,
    "bottom1": 104,
    "left1": 1.43
  },
  {
    "Country": "Slovakia",
    "Region": "Europe",
    "Type": "Country",
    "Country1": "Slovakia",
    "lat1": 48.67,
    "lon1": 19.7,
    "top1": 16.84,
    "right1": 47.74,
    "bottom1": 22.56,
    "left1": 49.61
  },
  {
    "Country": "Slovenia",
    "Region": "Europe",
    "Type": "Country",
    "Country1": "Slovenia",
    "lat1": 46.15,
    "lon1": 15,
    "top1": 13.38,
    "right1": 45.43,
    "bottom1": 16.61,
    "left1": 46.87
  },
  {
    "Country": "Solomon Islands",
    "Region": "Oceania",
    "Type": "Country",
    "Country1": "Solomon Islands",
    "lat1": -8.43,
    "lon1": 158.46,
    "top1": 154.53,
    "right1": -11.85,
    "bottom1": 162.39,
    "left1": -5.02
  },
  {
    "Country": "Somalia",
    "Region": "Africa",
    "Type": "Country",
    "Country1": "Somalia",
    "lat1": 5.52,
    "lon1": 47.76,
    "top1": 40.99,
    "right1": -1.67,
    "bottom1": 54.53,
    "left1": 12.71
  },
  {
    "Country": "South Africa",
    "Region": "Africa",
    "Type": "Country",
    "Country1": "South Africa",
    "lat1": -28.48,
    "lon1": 24.68,
    "top1": 16.47,
    "right1": -34.81,
    "bottom1": 32.89,
    "left1": -22.14
  },
  {
    "Country": "South Georgia and the South Sandwich Isl",
    "Region": 0,
    "Type": "Country",
    "Country1": "South Georgia and the South Sandwich Isl",
    "lat1": -54.45,
    "lon1": -36.91,
    "top1": -38.03,
    "right1": -54.89,
    "bottom1": -35.78,
    "left1": -54
  },
  {
    "Country": "South Korea",
    "Region": 0,
    "Type": "Country",
    "Country1": "South Korea",
    "lat1": 40.33,
    "lon1": 127.51,
    "top1": 126.12,
    "right1": 33.19,
    "bottom1": 129.59,
    "left1": 38.62
  },
  {
    "Country": "South Sudan",
    "Region": "Africa",
    "Type": "Country",
    "Country1": "South Sudan",
    "lat1": 0,
    "lon1": 0,
    "top1": 0,
    "right1": 0,
    "bottom1": 0,
    "left1": 0
  },
  {
    "Country": "Spain",
    "Region": "Europe",
    "Type": "Country",
    "Country1": "Spain",
    "lat1": 35.75,
    "lon1": -6.83,
    "top1": -18,
    "right1": 27.73,
    "bottom1": 4.34,
    "left1": 43.77
  },
  {
    "Country": "Sri Lanka",
    "Region": "Asia",
    "Type": "Country",
    "Country1": "Sri Lanka",
    "lat1": 7.88,
    "lon1": 80.79,
    "top1": 79.7,
    "right1": 5.94,
    "bottom1": 81.89,
    "left1": 9.83
  },
  {
    "Country": "St Kitts Nevis",
    "Region": 0,
    "Type": "Country",
    "Country1": "St Kitts Nevis",
    "lat1": 17.25,
    "lon1": -62.7,
    "top1": -62.86,
    "right1": 17.09,
    "bottom1": -62.53,
    "left1": 17.41
  },
  {
    "Country": "St Lucia",
    "Region": 0,
    "Type": "Country",
    "Country1": "St Lucia",
    "lat1": 13.91,
    "lon1": -60.99,
    "top1": -61.08,
    "right1": 13.72,
    "bottom1": -60.89,
    "left1": 14.1
  },
  {
    "Country": "St Vincent and the Grenadines",
    "Region": 0,
    "Type": "Country",
    "Country1": "St Vincent and the Grenadines",
    "lat1": 12.98,
    "lon1": -61.29,
    "top1": -61.46,
    "right1": 12.58,
    "bottom1": -61.12,
    "left1": 13.38
  },
  {
    "Country": "Sudan",
    "Region": "Africa",
    "Type": "Country",
    "Country1": "Sudan",
    "lat1": 13.31,
    "lon1": 30.22,
    "top1": 21.83,
    "right1": 3.49,
    "bottom1": 38.62,
    "left1": 23.13
  },
  {
    "Country": "Suriname",
    "Region": "Latin America and the Caribbean",
    "Type": "Country",
    "Country1": "Suriname",
    "lat1": 3.92,
    "lon1": -56.03,
    "top1": -58.07,
    "right1": 1.85,
    "bottom1": -53.98,
    "left1": 6
  },
  {
    "Country": "Swaziland",
    "Region": "Africa",
    "Type": "Country",
    "Country1": "Swaziland",
    "lat1": -26.52,
    "lon1": 31.47,
    "top1": 30.8,
    "right1": -27.32,
    "bottom1": 32.13,
    "left1": -25.73
  },
  {
    "Country": "Sweden",
    "Region": "Europe",
    "Type": "Country",
    "Country1": "Sweden",
    "lat1": 62.03,
    "lon1": 17.64,
    "top1": 11.11,
    "right1": 55,
    "bottom1": 24.17,
    "left1": 69.06
  },
  {
    "Country": "Switzerland",
    "Region": "Europe",
    "Type": "Country",
    "Country1": "Switzerland",
    "lat1": 46.82,
    "lon1": 8.23,
    "top1": 5.97,
    "right1": 45.82,
    "bottom1": 10.49,
    "left1": 47.81
  },
  {
    "Country": "Syria",
    "Region": 0,
    "Type": "Country",
    "Country1": "Syria",
    "lat1": 34.82,
    "lon1": 38.98,
    "top1": 35.59,
    "right1": 32.31,
    "bottom1": 42.37,
    "left1": 37.32
  },
  {
    "Country": "Syrian Arab Republic",
    "Region": "Asia",
    "Type": "Country",
    "Country1": "Syrian Arab Republic",
    "lat1": 0,
    "lon1": 0,
    "top1": 0,
    "right1": 0,
    "bottom1": 0,
    "left1": 0
  },
  {
    "Country": "Taiwan",
    "Region": 0,
    "Type": "Country",
    "Country1": "Taiwan",
    "lat1": 23.59,
    "lon1": 121.03,
    "top1": 120.05,
    "right1": 21.9,
    "bottom1": 122,
    "left1": 25.28
  },
  {
    "Country": "Tajikistan",
    "Region": "Asia",
    "Type": "Country",
    "Country1": "Tajikistan",
    "lat1": 38.86,
    "lon1": 71.28,
    "top1": 67.36,
    "right1": 36.67,
    "bottom1": 75.19,
    "left1": 41.05
  },
  {
    "Country": "Tanzania",
    "Region": "Sub Saharan Africa",
    "Type": "Country",
    "Country1": "Tanzania",
    "lat1": -6.36,
    "lon1": 35.02,
    "top1": 29.59,
    "right1": -11.73,
    "bottom1": 40.45,
    "left1": -1
  },
  {
    "Country": "Thailand",
    "Region": "Asia",
    "Type": "Country",
    "Country1": "Thailand",
    "lat1": 13.04,
    "lon1": 101.49,
    "top1": 97.35,
    "right1": 5.63,
    "bottom1": 105.63,
    "left1": 20.46
  },
  {
    "Country": "The former Yugoslav Republic of Macedonia",
    "Region": "Europe",
    "Type": "Country",
    "Country1": "The former Yugoslav Republic of Macedonia",
    "lat1": 0,
    "lon1": 0,
    "top1": 0,
    "right1": 0,
    "bottom1": 0,
    "left1": 0
  },
  {
    "Country": "Timor-Leste",
    "Region": "Asia",
    "Type": "Country",
    "Country1": "Timor-Leste",
    "lat1": 0,
    "lon1": 0,
    "top1": 0,
    "right1": 0,
    "bottom1": 0,
    "left1": 0
  },
  {
    "Country": "Togo",
    "Region": "Africa",
    "Type": "Country",
    "Country1": "Togo",
    "lat1": 8.62,
    "lon1": 0.82,
    "top1": -0.15,
    "right1": 6.1,
    "bottom1": 1.8,
    "left1": 11.14
  },
  {
    "Country": "Tokelau",
    "Region": "Oceania",
    "Type": "Country",
    "Country1": "Tokelau",
    "lat1": 0,
    "lon1": 0,
    "top1": 0,
    "right1": 0,
    "bottom1": 0,
    "left1": 0
  },
  {
    "Country": "Tonga",
    "Region": "Oceania",
    "Type": "Country",
    "Country1": "Tonga",
    "lat1": -20.01,
    "lon1": -174.63,
    "top1": -175.36,
    "right1": -21.45,
    "bottom1": -173.91,
    "left1": -18.57
  },
  {
    "Country": "Trinidad and Tobago",
    "Region": "Latin America and the Caribbean",
    "Type": "Country",
    "Country1": "Trinidad and Tobago",
    "lat1": 10.44,
    "lon1": -61.43,
    "top1": -61.92,
    "right1": 10.04,
    "bottom1": -60.93,
    "left1": 10.84
  },
  {
    "Country": "Tunisia",
    "Region": "Africa",
    "Type": "Country",
    "Country1": "Tunisia",
    "lat1": 33.79,
    "lon1": 9.54,
    "top1": 7.49,
    "right1": 30.24,
    "bottom1": 11.58,
    "left1": 37.34
  },
  {
    "Country": "Turkey",
    "Region": "Asia",
    "Type": "Country",
    "Country1": "Turkey",
    "lat1": 38.96,
    "lon1": 35.43,
    "top1": 26.03,
    "right1": 35.82,
    "bottom1": 44.82,
    "left1": 42.11
  },
  {
    "Country": "Turkmenistan",
    "Region": "Asia",
    "Type": "Country",
    "Country1": "Turkmenistan",
    "lat1": 38.97,
    "lon1": 59.56,
    "top1": 52.44,
    "right1": 35.15,
    "bottom1": 66.67,
    "left1": 42.8
  },
  {
    "Country": "Turks and Caicos Islands",
    "Region": 0,
    "Type": "Country",
    "Country1": "Turks and Caicos Islands",
    "lat1": 21.12,
    "lon1": -73.35,
    "top1": -73.71,
    "right1": 20.92,
    "bottom1": -73,
    "left1": 21.33
  },
  {
    "Country": "Tuvalu",
    "Region": "Oceania",
    "Type": "Country",
    "Country1": "Tuvalu",
    "lat1": -7.85,
    "lon1": 179.11,
    "top1": 178.84,
    "right1": -8.13,
    "bottom1": 179.38,
    "left1": -7.57
  },
  {
    "Country": "Uganda",
    "Region": "Africa",
    "Type": "Country",
    "Country1": "Uganda",
    "lat1": 1.38,
    "lon1": 32.3,
    "top1": 29.58,
    "right1": -1.46,
    "bottom1": 35.03,
    "left1": 4.22
  },
  {
    "Country": "Ukraine",
    "Region": "Europe",
    "Type": "Country",
    "Country1": "Ukraine",
    "lat1": 48.39,
    "lon1": 31.17,
    "top1": 22.15,
    "right1": 44.4,
    "bottom1": 40.18,
    "left1": 52.38
  },
  {
    "Country": "United Arab Emirates",
    "Region": "Asia",
    "Type": "Country",
    "Country1": "United Arab Emirates",
    "lat1": 24.07,
    "lon1": 53.6,
    "top1": 50.83,
    "right1": 22.06,
    "bottom1": 56.38,
    "left1": 26.08
  },
  {
    "Country": "United Kingdom",
    "Region": "Europe",
    "Type": "Country",
    "Country1": "United Kingdom",
    "lat1": 55.29,
    "lon1": -3.21,
    "top1": -8.16,
    "right1": 49.96,
    "bottom1": 1.74,
    "left1": 60.63
  },
  {
    "Country": "United Republic of Tanzania",
    "Region": "Africa",
    "Type": "Country",
    "Country1": "United Republic of Tanzania",
    "lat1": 0,
    "lon1": 0,
    "top1": 0,
    "right1": 0,
    "bottom1": 0,
    "left1": 0
  },
  {
    "Country": "United States of America",
    "Region": "Americas",
    "Type": "Country",
    "Country1": "United States of America",
    "lat1": 40,
    "lon1": -97,
    "top1": -178.21,
    "right1": 18.54,
    "bottom1": -48.47,
    "left1": 71.41
  },
  {
    "Country": "Uruguay",
    "Region": "Latin America and the Caribbean",
    "Type": "Country",
    "Country1": "Uruguay",
    "lat1": -32.54,
    "lon1": -55.77,
    "top1": -58.44,
    "right1": -34.98,
    "bottom1": -53.1,
    "left1": -30.1
  },
  {
    "Country": "Uzbekistan",
    "Region": "Asia",
    "Type": "Country",
    "Country1": "Uzbekistan",
    "lat1": 41.38,
    "lon1": 64.59,
    "top1": 56,
    "right1": 37.19,
    "bottom1": 73.17,
    "left1": 45.57
  },
  {
    "Country": "Vanuatu",
    "Region": "Oceania",
    "Type": "Country",
    "Country1": "Vanuatu",
    "lat1": -15.16,
    "lon1": 167.63,
    "top1": 165.78,
    "right1": -19.64,
    "bottom1": 169.48,
    "left1": -10.67
  },
  {
    "Country": "Venezuela (Bolivarian Republic of)",
    "Region": "Latin America and the Caribbean",
    "Type": "Country",
    "Country1": "Venezuela (Bolivarian Republic of)",
    "lat1": 6.42,
    "lon1": -66.59,
    "top1": -73.38,
    "right1": 0.65,
    "bottom1": -59.8,
    "left1": 12.2
  },
  {
    "Country": "Viet Nam",
    "Region": "Asia",
    "Type": "Country",
    "Country1": "Viet Nam",
    "lat1": 15.98,
    "lon1": 105.8,
    "top1": 102.14,
    "right1": 8.57,
    "bottom1": 109.46,
    "left1": 23.38
  },
  {
    "Country": "Western Sahara",
    "Region": 0,
    "Type": "Country",
    "Country1": "Western Sahara",
    "lat1": 24.22,
    "lon1": -12.87,
    "top1": -17.07,
    "right1": 20.77,
    "bottom1": -8.67,
    "left1": 27.67
  },
  {
    "Country": "World",
    "Region": 0,
    "Type": "Global",
    "Country1": "World",
    "lat1": 0,
    "lon1": 0,
    "top1": 0,
    "right1": 0,
    "bottom1": 0,
    "left1": 0
  },
  {
    "Country": "Yemen",
    "Region": "Asia",
    "Type": "Country",
    "Country1": "Yemen",
    "lat1": 15.8,
    "lon1": 47.85,
    "top1": 42.61,
    "right1": 12.6,
    "bottom1": 53.08,
    "left1": 19
  },
  {
    "Country": "Zambia",
    "Region": "Africa",
    "Type": "Country",
    "Country1": "Zambia",
    "lat1": -13.15,
    "lon1": 27.85,
    "top1": 22,
    "right1": -18.08,
    "bottom1": 33.69,
    "left1": -8.22
  },
  {
    "Country": "Zimbabwe",
    "Region": "Africa",
    "Type": "Country",
    "Country1": "Zimbabwe",
    "lat1": -19.02,
    "lon1": 29.15,
    "top1": 25.24,
    "right1": -22.42,
    "bottom1": 33.07,
    "left1": -15.62
  }
]