[
  {
    "1989": 0,
    "1990": 0,
    "1991": 0,
    "1992": 56.6,
    "1993": 0,
    "1994": 0,
    "1995": 0,
    "1996": 50.1,
    "1997": 0,
    "1998": 0,
    "1999": 0,
    "2000": 48.9,
    "2001": 0,
    "2002": 0,
    "2003": 0,
    "2004": 0,
    "2005": 40,
    "2006": 0,
    "2007": 0,
    "2008": 0,
    "2009": 0,
    "2010": 31.51,
    "2011": 0,
    "2012": 0,
    "Country": "Bangladesh"
  },
  {
    "1989": 0,
    "1990": 0,
    "1991": 0,
    "1992": 0,
    "1993": 0,
    "1994": 0,
    "1995": 0,
    "1996": 0,
    "1997": 0,
    "1998": 0,
    "1999": 0,
    "2000": 0,
    "2001": 0,
    "2002": 0,
    "2003": 0,
    "2004": 0,
    "2005": 30.8,
    "2006": 26.8,
    "2007": 24.2,
    "2008": 22.6,
    "2009": 21.4,
    "2010": 0,
    "2011": 0,
    "2012": 0,
    "Country": "Brazil"
  },
  {
    "1989": 0,
    "1990": 0,
    "1991": 0,
    "1992": 0,
    "1993": 0,
    "1994": 0,
    "1995": 0,
    "1996": 0,
    "1997": 0,
    "1998": 0,
    "1999": 0,
    "2000": 0,
    "2001": 0,
    "2002": 0,
    "2003": 0,
    "2004": 53.2,
    "2005": 0,
    "2006": 0,
    "2007": 50.1,
    "2008": 38.8,
    "2009": 23.9,
    "2010": 0,
    "2011": 0,
    "2012": 0,
    "Country": "Cambodia"
  },
  {
    "1989": 0,
    "1990": 0,
    "1991": 0,
    "1992": 0,
    "1993": 0,
    "1994": 0,
    "1995": 0,
    "1996": 0,
    "1997": 0,
    "1998": 0,
    "1999": 0,
    "2000": 0,
    "2001": 0,
    "2002": 0,
    "2003": 55,
    "2004": 0,
    "2005": 0,
    "2006": 0,
    "2007": 0,
    "2008": 0,
    "2009": 0,
    "2010": 0,
    "2011": 0,
    "2012": 0,
    "Country": "Chad"
  },
  {
    "1989": 0,
    "1990": 0,
    "1991": 0,
    "1992": 0,
    "1993": 0,
    "1994": 0,
    "1995": 0,
    "1996": 6,
    "1997": 0,
    "1998": 4.6,
    "1999": 0,
    "2000": 0,
    "2001": 0,
    "2002": 0,
    "2003": 0,
    "2004": 0,
    "2005": 0,
    "2006": 0,
    "2007": 0,
    "2008": 0,
    "2009": 0,
    "2010": 0,
    "2011": 0,
    "2012": 0,
    "Country": "China"
  },
  {
    "1989": 0,
    "1990": 0,
    "1991": 0,
    "1992": 0,
    "1993": 0,
    "1994": 0,
    "1995": 0,
    "1996": 0,
    "1997": 0,
    "1998": 0,
    "1999": 0,
    "2000": 0,
    "2001": 0,
    "2002": 49.7,
    "2003": 48,
    "2004": 47.4,
    "2005": 45,
    "2006": 0,
    "2007": 0,
    "2008": 42,
    "2009": 40.3,
    "2010": 37.2,
    "2011": 34.1,
    "2012": 0,
    "Country": "Colombia"
  },
  {
    "1989": 0,
    "1990": 0,
    "1991": 0,
    "1992": 0,
    "1993": 0,
    "1994": 0,
    "1995": 0,
    "1996": 0,
    "1997": 0,
    "1998": 0,
    "1999": 0,
    "2000": 0,
    "2001": 0,
    "2002": 0,
    "2003": 0,
    "2004": 0,
    "2005": 0,
    "2006": 0,
    "2007": 0,
    "2008": 0,
    "2009": 0,
    "2010": 21.3,
    "2011": 21.6,
    "2012": 20.6,
    "Country": "Costa Rica"
  },
  {
    "1989": 0,
    "1990": 0,
    "1991": 0,
    "1992": 0,
    "1993": 0,
    "1994": 0,
    "1995": 0,
    "1996": 0,
    "1997": 0,
    "1998": 0,
    "1999": 0,
    "2000": 0,
    "2001": 0,
    "2002": 0,
    "2003": 0,
    "2004": 0,
    "2005": 71.3,
    "2006": 0,
    "2007": 0,
    "2008": 0,
    "2009": 0,
    "2010": 0,
    "2011": 0,
    "2012": 0,
    "Country": "Democratic Republic of the Congo"
  },
  {
    "1989": 0,
    "1990": 0,
    "1991": 0,
    "1992": 0,
    "1993": 0,
    "1994": 0,
    "1995": 0,
    "1996": 0,
    "1997": 0,
    "1998": 0,
    "1999": 0,
    "2000": 32,
    "2001": 32.8,
    "2002": 32.7,
    "2003": 41.5,
    "2004": 49.8,
    "2005": 47.8,
    "2006": 44.2,
    "2007": 43.6,
    "2008": 44.2,
    "2009": 42.1,
    "2010": 41.6,
    "2011": 40.4,
    "2012": 0,
    "Country": "Dominican Republic"
  },
  {
    "1989": 0,
    "1990": 0,
    "1991": 0,
    "1992": 0,
    "1993": 0,
    "1994": 0,
    "1995": 0,
    "1996": 0,
    "1997": 0,
    "1998": 0,
    "1999": 0,
    "2000": 0,
    "2001": 0,
    "2002": 0,
    "2003": 0,
    "2004": 0,
    "2005": 35.2,
    "2006": 30.7,
    "2007": 34.6,
    "2008": 40,
    "2009": 37.8,
    "2010": 36.5,
    "2011": 40.6,
    "2012": 34.5,
    "Country": "El Salvador"
  },
  {
    "1989": 0,
    "1990": 0,
    "1991": 0,
    "1992": 0,
    "1993": 0,
    "1994": 0,
    "1995": 45.5,
    "1996": 0,
    "1997": 0,
    "1998": 0,
    "1999": 44.2,
    "2000": 0,
    "2001": 0,
    "2002": 0,
    "2003": 0,
    "2004": 38.9,
    "2005": 0,
    "2006": 0,
    "2007": 0,
    "2008": 0,
    "2009": 0,
    "2010": 0,
    "2011": 29.6,
    "2012": 0,
    "Country": "Ethiopia"
  },
  {
    "1989": 0,
    "1990": 0,
    "1991": 0,
    "1992": 0,
    "1993": 0,
    "1994": 0,
    "1995": 0,
    "1996": 0,
    "1997": 0,
    "1998": 0,
    "1999": 0,
    "2000": 56,
    "2001": 0,
    "2002": 0,
    "2003": 0,
    "2004": 0,
    "2005": 0,
    "2006": 51,
    "2007": 0,
    "2008": 0,
    "2009": 0,
    "2010": 0,
    "2011": 53.7,
    "2012": 0,
    "Country": "Guatemala"
  },
  {
    "1989": 0,
    "1990": 0,
    "1991": 0,
    "1992": 0,
    "1993": 0,
    "1994": 0,
    "1995": 0,
    "1996": 0,
    "1997": 0,
    "1998": 0,
    "1999": 0,
    "2000": 0,
    "2001": 78,
    "2002": 0,
    "2003": 0,
    "2004": 0,
    "2005": 0,
    "2006": 0,
    "2007": 0,
    "2008": 0,
    "2009": 0,
    "2010": 0,
    "2011": 0,
    "2012": 0,
    "Country": "Haiti"
  },
  {
    "1989": 0,
    "1990": 0,
    "1991": 0,
    "1992": 0,
    "1993": 0,
    "1994": 0,
    "1995": 0,
    "1996": 0,
    "1997": 0,
    "1998": 0,
    "1999": 0,
    "2000": 0,
    "2001": 63.7,
    "2002": 64.8,
    "2003": 65.1,
    "2004": 64.7,
    "2005": 63.7,
    "2006": 59.9,
    "2007": 58.3,
    "2008": 59.2,
    "2009": 58.8,
    "2010": 60,
    "2011": 61.9,
    "2012": 0,
    "Country": "Honduras"
  },
  {
    "1989": 0,
    "1990": 0,
    "1991": 0,
    "1992": 0,
    "1993": 0,
    "1994": 0,
    "1995": 0,
    "1996": 0,
    "1997": 0,
    "1998": 0,
    "1999": 0,
    "2000": 0,
    "2001": 0,
    "2002": 0,
    "2003": 0,
    "2004": 0,
    "2005": 37.2,
    "2006": 0,
    "2007": 0,
    "2008": 0,
    "2009": 0,
    "2010": 29.8,
    "2011": 0,
    "2012": 0,
    "Country": "India"
  },
  {
    "1989": 0,
    "1990": 0,
    "1991": 0,
    "1992": 0,
    "1993": 0,
    "1994": 0,
    "1995": 0,
    "1996": 17.6,
    "1997": 0,
    "1998": 0,
    "1999": 23.4,
    "2000": 0,
    "2001": 0,
    "2002": 18.2,
    "2003": 17.4,
    "2004": 16.7,
    "2005": 16,
    "2006": 17.8,
    "2007": 16.6,
    "2008": 15.4,
    "2009": 14.2,
    "2010": 13.3,
    "2011": 12.5,
    "2012": 12,
    "Country": "Indonesia"
  },
  {
    "1989": 30.5,
    "1990": 28.4,
    "1991": 44.6,
    "1992": 33.9,
    "1993": 24.4,
    "1994": 22.8,
    "1995": 27.5,
    "1996": 26.1,
    "1997": 19.9,
    "1998": 15.9,
    "1999": 16.9,
    "2000": 18.7,
    "2001": 16.9,
    "2002": 19.7,
    "2003": 19.1,
    "2004": 16.9,
    "2005": 14.8,
    "2006": 14.3,
    "2007": 9.9,
    "2008": 12.3,
    "2009": 16.5,
    "2010": 17.6,
    "2011": 0,
    "2012": 0,
    "Country": "Jamaica"
  },
  {
    "1989": 0,
    "1990": 0,
    "1991": 0,
    "1992": 0,
    "1993": 0,
    "1994": 0,
    "1995": 0,
    "1996": 0,
    "1997": 0,
    "1998": 0,
    "1999": 0,
    "2000": 0,
    "2001": 0,
    "2002": 0,
    "2003": 0,
    "2004": 0,
    "2005": 45.9,
    "2006": 0,
    "2007": 0,
    "2008": 0,
    "2009": 0,
    "2010": 0,
    "2011": 0,
    "2012": 0,
    "Country": "Kenya"
  },
  {
    "1989": 0,
    "1990": 0,
    "1991": 0,
    "1992": 45,
    "1993": 0,
    "1994": 0,
    "1995": 0,
    "1996": 0,
    "1997": 38.6,
    "1998": 0,
    "1999": 0,
    "2000": 0,
    "2001": 0,
    "2002": 33.5,
    "2003": 0,
    "2004": 0,
    "2005": 0,
    "2006": 0,
    "2007": 0,
    "2008": 27.6,
    "2009": 0,
    "2010": 0,
    "2011": 0,
    "2012": 0,
    "Country": "Lao People's Democratic Republic"
  },
  {
    "1989": 0,
    "1990": 0,
    "1991": 0,
    "1992": 0,
    "1993": 0,
    "1994": 0,
    "1995": 0,
    "1996": 0,
    "1997": 0,
    "1998": 0,
    "1999": 0,
    "2000": 0,
    "2001": 0,
    "2002": 0,
    "2003": 0,
    "2004": 0,
    "2005": 0,
    "2006": 0,
    "2007": 63.8,
    "2008": 0,
    "2009": 0,
    "2010": 0,
    "2011": 0,
    "2012": 0,
    "Country": "Liberia"
  },
  {
    "1989": 0,
    "1990": 0,
    "1991": 0,
    "1992": 0,
    "1993": 70,
    "1994": 0,
    "1995": 0,
    "1996": 0,
    "1997": 73.3,
    "1998": 0,
    "1999": 71.3,
    "2000": 0,
    "2001": 69.6,
    "2002": 80.7,
    "2003": 0,
    "2004": 72.1,
    "2005": 68.7,
    "2006": 0,
    "2007": 0,
    "2008": 0,
    "2009": 0,
    "2010": 0,
    "2011": 0,
    "2012": 0,
    "Country": "Madagascar"
  },
  {
    "1989": 0,
    "1990": 0,
    "1991": 0,
    "1992": 0,
    "1993": 0,
    "1994": 0,
    "1995": 0,
    "1996": 0,
    "1997": 0,
    "1998": 65.3,
    "1999": 0,
    "2000": 0,
    "2001": 0,
    "2002": 0,
    "2003": 0,
    "2004": 52.4,
    "2005": 0,
    "2006": 0,
    "2007": 0,
    "2008": 0,
    "2009": 0,
    "2010": 50.7,
    "2011": 0,
    "2012": 0,
    "Country": "Malawi"
  },
  {
    "1989": 0,
    "1990": 0,
    "1991": 0,
    "1992": 0,
    "1993": 0,
    "1994": 0,
    "1995": 0,
    "1996": 69.4,
    "1997": 0,
    "1998": 0,
    "1999": 0,
    "2000": 0,
    "2001": 0,
    "2002": 0,
    "2003": 54.1,
    "2004": 0,
    "2005": 0,
    "2006": 0,
    "2007": 0,
    "2008": 0,
    "2009": 54.7,
    "2010": 0,
    "2011": 0,
    "2012": 0,
    "Country": "Mozambique"
  },
  {
    "1989": 0,
    "1990": 0,
    "1991": 0,
    "1992": 0,
    "1993": 0,
    "1994": 0,
    "1995": 0,
    "1996": 0,
    "1997": 0,
    "1998": 0,
    "1999": 0,
    "2000": 0,
    "2001": 0,
    "2002": 0,
    "2003": 0,
    "2004": 0,
    "2005": 48.3,
    "2006": 0,
    "2007": 0,
    "2008": 0,
    "2009": 42.5,
    "2010": 0,
    "2011": 0,
    "2012": 0,
    "Country": "Nicaragua"
  },
  {
    "1989": 0,
    "1990": 0,
    "1991": 0,
    "1992": 0,
    "1993": 0,
    "1994": 0,
    "1995": 0,
    "1996": 0,
    "1997": 0,
    "1998": 0,
    "1999": 0,
    "2000": 0,
    "2001": 0,
    "2002": 0,
    "2003": 0,
    "2004": 0,
    "2005": 0,
    "2006": 0,
    "2007": 59.5,
    "2008": 0,
    "2009": 0,
    "2010": 0,
    "2011": 0,
    "2012": 0,
    "Country": "Niger"
  },
  {
    "1989": 0,
    "1990": 0,
    "1991": 0,
    "1992": 0,
    "1993": 0,
    "1994": 0,
    "1995": 0,
    "1996": 0,
    "1997": 0,
    "1998": 0,
    "1999": 0,
    "2000": 0,
    "2001": 0,
    "2002": 0,
    "2003": 0,
    "2004": 64.2,
    "2005": 0,
    "2006": 0,
    "2007": 0,
    "2008": 0,
    "2009": 0,
    "2010": 62.6,
    "2011": 0,
    "2012": 0,
    "Country": "Nigeria"
  },
  {
    "1989": 0,
    "1990": 0,
    "1991": 0,
    "1992": 0,
    "1993": 0,
    "1994": 0,
    "1995": 0,
    "1996": 0,
    "1997": 0,
    "1998": 0,
    "1999": 30.6,
    "2000": 0,
    "2001": 0,
    "2002": 34.5,
    "2003": 0,
    "2004": 0,
    "2005": 23.9,
    "2006": 22.3,
    "2007": 0,
    "2008": 0,
    "2009": 0,
    "2010": 0,
    "2011": 0,
    "2012": 0,
    "Country": "Pakistan"
  },
  {
    "1989": 0,
    "1990": 0,
    "1991": 0,
    "1992": 0,
    "1993": 0,
    "1994": 0,
    "1995": 0,
    "1996": 0,
    "1997": 0,
    "1998": 0,
    "1999": 0,
    "2000": 0,
    "2001": 0,
    "2002": 0,
    "2003": 0,
    "2004": 0,
    "2005": 0,
    "2006": 38.3,
    "2007": 36.5,
    "2008": 33.8,
    "2009": 33.4,
    "2010": 29.8,
    "2011": 27.6,
    "2012": 0,
    "Country": "Panama"
  },
  {
    "1989": 0,
    "1990": 0,
    "1991": 0,
    "1992": 0,
    "1993": 0,
    "1994": 0,
    "1995": 0,
    "1996": 0,
    "1997": 0,
    "1998": 0,
    "1999": 0,
    "2000": 0,
    "2001": 0,
    "2002": 0,
    "2003": 0,
    "2004": 58.7,
    "2005": 55.6,
    "2006": 49.1,
    "2007": 42.4,
    "2008": 37.3,
    "2009": 33.5,
    "2010": 30.8,
    "2011": 27.8,
    "2012": 0,
    "Country": "Peru"
  },
  {
    "1989": 0,
    "1990": 0,
    "1991": 0,
    "1992": 0,
    "1993": 0,
    "1994": 0,
    "1995": 0,
    "1996": 0,
    "1997": 0,
    "1998": 0,
    "1999": 0,
    "2000": 0,
    "2001": 0,
    "2002": 0,
    "2003": 66.4,
    "2004": 0,
    "2005": 0,
    "2006": 0,
    "2007": 0,
    "2008": 0,
    "2009": 0,
    "2010": 0,
    "2011": 0,
    "2012": 0,
    "Country": "Sierra Leone"
  },
  {
    "1989": 0,
    "1990": 0,
    "1991": 0,
    "1992": 56.4,
    "1993": 0,
    "1994": 0,
    "1995": 0,
    "1996": 44.4,
    "1997": 0,
    "1998": 0,
    "1999": 0,
    "2000": 33.8,
    "2001": 0,
    "2002": 38.8,
    "2003": 0,
    "2004": 0,
    "2005": 31.1,
    "2006": 0,
    "2007": 0,
    "2008": 0,
    "2009": 24.5,
    "2010": 0,
    "2011": 0,
    "2012": 0,
    "Country": "Uganda"
  },
  {
    "1989": 0,
    "1990": 0,
    "1991": 0,
    "1992": 0,
    "1993": 0,
    "1994": 0,
    "1995": 0,
    "1996": 0,
    "1997": 0,
    "1998": 0,
    "1999": 0,
    "2000": 35.6,
    "2001": 0,
    "2002": 0,
    "2003": 0,
    "2004": 0,
    "2005": 0,
    "2006": 0,
    "2007": 33.4,
    "2008": 0,
    "2009": 0,
    "2010": 0,
    "2011": 0,
    "2012": 0,
    "Country": "United Republic of Tanzania"
  },
  {
    "1989": 0,
    "1990": 0,
    "1991": 0,
    "1992": 0,
    "1993": 0,
    "1994": 0,
    "1995": 0,
    "1996": 0,
    "1997": 0,
    "1998": 0,
    "1999": 0,
    "2000": 0,
    "2001": 0,
    "2002": 0,
    "2003": 0,
    "2004": 0,
    "2005": 0,
    "2006": 0,
    "2007": 0,
    "2008": 0,
    "2009": 0,
    "2010": 20.7,
    "2011": 0,
    "2012": 0,
    "Country": "Viet Nam"
  }
]