[
  {
    "1976": 0,
    "1977": 0,
    "1978": 0,
    "1979": 0,
    "1980": 0,
    "1981": 0,
    "1982": 0,
    "1983": 0,
    "1984": 1.8,
    "1985": 1.8,
    "1986": 1.1,
    "1987": 0,
    "1988": 0,
    "1989": 1.2,
    "1990": 0,
    "1991": 1.9,
    "1992": 0,
    "1993": 0,
    "1994": 0,
    "1995": 0,
    "1996": 2.5,
    "1997": 0,
    "1998": 0,
    "1999": 0,
    "2000": 3.3,
    "2001": 0,
    "2002": 0,
    "2003": 4.3,
    "2004": 0,
    "2005": 4.3,
    "2006": 0,
    "2007": 0,
    "2008": 0,
    "Country": "Bangladesh"
  },
  {
    "1976": 1.8,
    "1977": 2.3,
    "1978": 2.4,
    "1979": 2.8,
    "1980": 0,
    "1981": 4.3,
    "1982": 3.9,
    "1983": 4.9,
    "1984": 4.3,
    "1985": 3.4,
    "1986": 2.4,
    "1987": 3.6,
    "1988": 3.8,
    "1989": 3,
    "1990": 3.7,
    "1991": 0,
    "1992": 6.5,
    "1993": 6.2,
    "1994": 0,
    "1995": 6.1,
    "1996": 7,
    "1997": 7.8,
    "1998": 9,
    "1999": 9.6,
    "2000": 0,
    "2001": 9.4,
    "2002": 9.2,
    "2003": 9.7,
    "2004": 8.9,
    "2005": 9.3,
    "2006": 8.4,
    "2007": 8.2,
    "2008": 0,
    "Country": "Brazil"
  },
  {
    "1976": 0,
    "1977": 0,
    "1978": 0,
    "1979": 0,
    "1980": 0,
    "1981": 0,
    "1982": 0,
    "1983": 0,
    "1984": 0,
    "1985": 0,
    "1986": 0,
    "1987": 0,
    "1988": 0,
    "1989": 0,
    "1990": 0,
    "1991": 0,
    "1992": 0,
    "1993": 0,
    "1994": 0,
    "1995": 0,
    "1996": 0,
    "1997": 0,
    "1998": 0,
    "1999": 0,
    "2000": 2.5,
    "2001": 1.8,
    "2002": 0,
    "2003": 0,
    "2004": 7.13,
    "2005": 0,
    "2006": 0,
    "2007": 0,
    "2008": 0,
    "Country": "Cambodia"
  },
  {
    "1976": 0,
    "1977": 0,
    "1978": 5.3,
    "1979": 0,
    "1980": 4.9,
    "1981": 3.8,
    "1982": 3.2,
    "1983": 2.3,
    "1984": 1.9,
    "1985": 1.8,
    "1986": 2,
    "1987": 2,
    "1988": 2,
    "1989": 2.6,
    "1990": 2.5,
    "1991": 2.3,
    "1992": 2.3,
    "1993": 2.6,
    "1994": 2.8,
    "1995": 2.9,
    "1996": 3,
    "1997": 3.1,
    "1998": 3.1,
    "1999": 3.1,
    "2000": 3.1,
    "2001": 3.6,
    "2002": 4,
    "2003": 4.3,
    "2004": 4.2,
    "2005": 4.2,
    "2006": 4.1,
    "2007": 4,
    "2008": 4.2,
    "Country": "China"
  },
  {
    "1976": 10.4,
    "1977": 9.4,
    "1978": 8.2,
    "1979": 8.9,
    "1980": 9.1,
    "1981": 8.1,
    "1982": 9.1,
    "1983": 11.1,
    "1984": 13.1,
    "1985": 14,
    "1986": 13,
    "1987": 11.1,
    "1988": 10.1,
    "1989": 8.9,
    "1990": 10.2,
    "1991": 9.8,
    "1992": 9.2,
    "1993": 7.8,
    "1994": 7.6,
    "1995": 8.7,
    "1996": 12,
    "1997": 12.1,
    "1998": 15,
    "1999": 20.1,
    "2000": 20.5,
    "2001": 14.6,
    "2002": 15.2,
    "2003": 14.4,
    "2004": 12.8,
    "2005": 11.6,
    "2006": 12.7,
    "2007": 10.9,
    "2008": 11.4,
    "Country": "Colombia"
  },
  {
    "1976": 0,
    "1977": 0,
    "1978": 0,
    "1979": 0,
    "1980": 0,
    "1981": 0,
    "1982": 0,
    "1983": 0,
    "1984": 0,
    "1985": 0,
    "1986": 0,
    "1987": 0,
    "1988": 0,
    "1989": 0,
    "1990": 0,
    "1991": 0,
    "1992": 0,
    "1993": 0,
    "1994": 0,
    "1995": 0,
    "1996": 0,
    "1997": 0,
    "1998": 0,
    "1999": 0,
    "2000": 0,
    "2001": 0,
    "2002": 0,
    "2003": 0,
    "2004": 0,
    "2005": 0,
    "2006": 0,
    "2007": 0,
    "2008": 0,
    "Country": "Democratic Republic of the Congo"
  },
  {
    "1976": 0,
    "1977": 0,
    "1978": 3.7,
    "1979": 6.7,
    "1980": 12.9,
    "1981": 0,
    "1982": 0,
    "1983": 0,
    "1984": 0,
    "1985": 16.9,
    "1986": 7.9,
    "1987": 0,
    "1988": 9.37,
    "1989": 8.35,
    "1990": 9.96,
    "1991": 7.53,
    "1992": 7.88,
    "1993": 9.94,
    "1994": 7.68,
    "1995": 7.65,
    "1996": 7.7,
    "1997": 8,
    "1998": 7.3,
    "1999": 7.3,
    "2000": 7,
    "2001": 7,
    "2002": 6.2,
    "2003": 6.9,
    "2004": 6.8,
    "2005": 7.2,
    "2006": 6.6,
    "2007": 6.4,
    "2008": 0,
    "Country": "El Salvador"
  },
  {
    "1976": 0,
    "1977": 0,
    "1978": 0,
    "1979": 0,
    "1980": 0,
    "1981": 0,
    "1982": 0,
    "1983": 0,
    "1984": 0,
    "1985": 0,
    "1986": 0,
    "1987": 0,
    "1988": 0,
    "1989": 0,
    "1990": 0,
    "1991": 0,
    "1992": 0,
    "1993": 0,
    "1994": 0,
    "1995": 0,
    "1996": 0,
    "1997": 0,
    "1998": 0,
    "1999": 0,
    "2000": 0,
    "2001": 0,
    "2002": 0,
    "2003": 0,
    "2004": 22.9,
    "2005": 5,
    "2006": 16.7,
    "2007": 0,
    "2008": 0,
    "Country": "Ethiopia"
  },
  {
    "1976": 0,
    "1977": 0,
    "1978": 0,
    "1979": 0,
    "1980": 0,
    "1981": 0,
    "1982": 0,
    "1983": 0,
    "1984": 0,
    "1985": 0,
    "1986": 0,
    "1987": 3.5,
    "1988": 0,
    "1989": 2,
    "1990": 3.9,
    "1991": 3.2,
    "1992": 0,
    "1993": 0,
    "1994": 0,
    "1995": 0,
    "1996": 0,
    "1997": 0,
    "1998": 0,
    "1999": 1.9,
    "2000": 1.4,
    "2001": 1.3,
    "2002": 3.13,
    "2003": 3.4,
    "2004": 3.13,
    "2005": 0,
    "2006": 1.8,
    "2007": 0,
    "2008": 0,
    "Country": "Guatemala"
  },
  {
    "1976": 0,
    "1977": 0,
    "1978": 0,
    "1979": 0,
    "1980": 0,
    "1981": 0,
    "1982": 12.2,
    "1983": 12.2,
    "1984": 0,
    "1985": 0,
    "1986": 0,
    "1987": 0,
    "1988": 23.9,
    "1989": 0,
    "1990": 0,
    "1991": 0,
    "1992": 0,
    "1993": 0,
    "1994": 0,
    "1995": 0,
    "1996": 0,
    "1997": 0,
    "1998": 0,
    "1999": 0,
    "2000": 0,
    "2001": 0,
    "2002": 0,
    "2003": 0,
    "2004": 0,
    "2005": 0,
    "2006": 0,
    "2007": 0,
    "2008": 0,
    "Country": "Haiti"
  },
  {
    "1976": 0,
    "1977": 0,
    "1978": 0,
    "1979": 0,
    "1980": 0,
    "1981": 0,
    "1982": 7.3,
    "1983": 0,
    "1984": 0,
    "1985": 0,
    "1986": 12.1,
    "1987": 11.4,
    "1988": 0,
    "1989": 0,
    "1990": 4.8,
    "1991": 4.6,
    "1992": 3.1,
    "1993": 0,
    "1994": 0,
    "1995": 3.2,
    "1996": 4.3,
    "1997": 3.2,
    "1998": 3.9,
    "1999": 3.74,
    "2000": 0,
    "2001": 3.9,
    "2002": 3.8,
    "2003": 5.1,
    "2004": 5.9,
    "2005": 4.1,
    "2006": 3.1,
    "2007": 2.9,
    "2008": 0,
    "Country": "Honduras"
  },
  {
    "1976": 0,
    "1977": 0,
    "1978": 0,
    "1979": 0,
    "1980": 0,
    "1981": 0,
    "1982": 0,
    "1983": 0,
    "1984": 0,
    "1985": 0,
    "1986": 0,
    "1987": 0,
    "1988": 0,
    "1989": 0,
    "1990": 0,
    "1991": 0,
    "1992": 0,
    "1993": 0,
    "1994": 3.62,
    "1995": 2.19,
    "1996": 2.13,
    "1997": 2.59,
    "1998": 3.55,
    "1999": 0,
    "2000": 4.31,
    "2001": 0,
    "2002": 0,
    "2003": 0,
    "2004": 0,
    "2005": 0,
    "2006": 0,
    "2007": 0,
    "2008": 0,
    "Country": "India"
  },
  {
    "1976": 0,
    "1977": 0,
    "1978": 0,
    "1979": 0,
    "1980": 0,
    "1981": 0,
    "1982": 0,
    "1983": 0,
    "1984": 0,
    "1985": 0,
    "1986": 0,
    "1987": 0,
    "1988": 0,
    "1989": 0,
    "1990": 0,
    "1991": 0,
    "1992": 0,
    "1993": 0,
    "1994": 0,
    "1995": 0,
    "1996": 4,
    "1997": 4.7,
    "1998": 5.5,
    "1999": 6.4,
    "2000": 6.1,
    "2001": 8.1,
    "2002": 9.1,
    "2003": 9.7,
    "2004": 9.9,
    "2005": 11.2,
    "2006": 10.3,
    "2007": 9.1,
    "2008": 8.4,
    "Country": "Indonesia"
  },
  {
    "1976": 0,
    "1977": 0,
    "1978": 0,
    "1979": 0,
    "1980": 0,
    "1981": 0,
    "1982": 0,
    "1983": 0,
    "1984": 0,
    "1985": 0,
    "1986": 0,
    "1987": 0,
    "1988": 0,
    "1989": 0,
    "1990": 0,
    "1991": 0,
    "1992": 0,
    "1993": 0,
    "1994": 0,
    "1995": 0,
    "1996": 0,
    "1997": 0,
    "1998": 0,
    "1999": 0,
    "2000": 0,
    "2001": 0,
    "2002": 0,
    "2003": 0,
    "2004": 0,
    "2005": 37.54,
    "2006": 0,
    "2007": 0,
    "2008": 0,
    "Country": "Lao People's Democratic Republic"
  },
  {
    "1976": 0,
    "1977": 0,
    "1978": 0,
    "1979": 0,
    "1980": 12.8,
    "1981": 14.3,
    "1982": 15.2,
    "1983": 15.9,
    "1984": 0,
    "1985": 0,
    "1986": 0,
    "1987": 0,
    "1988": 0,
    "1989": 0,
    "1990": 0,
    "1991": 0,
    "1992": 0,
    "1993": 0,
    "1994": 0,
    "1995": 0,
    "1996": 0,
    "1997": 0,
    "1998": 0,
    "1999": 0,
    "2000": 0,
    "2001": 0,
    "2002": 0,
    "2003": 0,
    "2004": 0,
    "2005": 0,
    "2006": 0,
    "2007": 0,
    "2008": 0,
    "Country": "Liberia"
  },
  {
    "1976": 0,
    "1977": 0,
    "1978": 0,
    "1979": 0,
    "1980": 0,
    "1981": 0,
    "1982": 0,
    "1983": 0,
    "1984": 0,
    "1985": 0,
    "1986": 0,
    "1987": 0,
    "1988": 0,
    "1989": 0,
    "1990": 0,
    "1991": 0,
    "1992": 0,
    "1993": 0,
    "1994": 0,
    "1995": 0,
    "1996": 0,
    "1997": 0,
    "1998": 0,
    "1999": 0,
    "2000": 5.8,
    "2001": 5.3,
    "2002": 0,
    "2003": 4.5,
    "2004": 0,
    "2005": 2.3,
    "2006": 0,
    "2007": 0,
    "2008": 0,
    "Country": "Madagascar"
  },
  {
    "1976": 0,
    "1977": 0,
    "1978": 0,
    "1979": 0,
    "1980": 0,
    "1981": 0,
    "1982": 0,
    "1983": 5.4,
    "1984": 0,
    "1985": 0,
    "1986": 0,
    "1987": 0,
    "1988": 0,
    "1989": 0,
    "1990": 0,
    "1991": 0,
    "1992": 0,
    "1993": 0,
    "1994": 0,
    "1995": 0,
    "1996": 0,
    "1997": 0,
    "1998": 0,
    "1999": 0,
    "2000": 0,
    "2001": 0,
    "2002": 0,
    "2003": 0,
    "2004": 0,
    "2005": 0,
    "2006": 0,
    "2007": 0,
    "2008": 0,
    "Country": "Malawi"
  },
  {
    "1976": 0,
    "1977": 0,
    "1978": 0,
    "1979": 0,
    "1980": 0,
    "1981": 0,
    "1982": 0,
    "1983": 0,
    "1984": 0,
    "1985": 3.2,
    "1986": 4.7,
    "1987": 5.8,
    "1988": 6,
    "1989": 8.4,
    "1990": 11.1,
    "1991": 14,
    "1992": 0,
    "1993": 0,
    "1994": 0,
    "1995": 16.9,
    "1996": 14.9,
    "1997": 13.3,
    "1998": 13.3,
    "1999": 10.9,
    "2000": 9.8,
    "2001": 11.3,
    "2002": 12.2,
    "2003": 7.72,
    "2004": 6.54,
    "2005": 5.56,
    "2006": 5.19,
    "2007": 4.89,
    "2008": 0,
    "Country": "Nicaragua"
  },
  {
    "1976": 0,
    "1977": 9.528,
    "1978": 20.483,
    "1979": 22.99,
    "1980": 24.385,
    "1981": 22.728,
    "1982": 16.013,
    "1983": 19.535,
    "1984": 27.355,
    "1985": 28.989,
    "1986": 27.747,
    "1987": 27.152,
    "1988": 26.086,
    "1989": 24.626,
    "1990": 20.947,
    "1991": 20.926,
    "1992": 0,
    "1993": 0,
    "1994": 0,
    "1995": 0,
    "1996": 0,
    "1997": 0,
    "1998": 0,
    "1999": 0,
    "2000": 0,
    "2001": 0,
    "2002": 0,
    "2003": 0,
    "2004": 0,
    "2005": 0,
    "2006": 0,
    "2007": 0,
    "2008": 0,
    "Country": "Niger"
  },
  {
    "1976": 0,
    "1977": 0,
    "1978": 0,
    "1979": 0,
    "1980": 0,
    "1981": 0,
    "1982": 0,
    "1983": 0,
    "1984": 0,
    "1985": 0,
    "1986": 0,
    "1987": 0,
    "1988": 0,
    "1989": 0,
    "1990": 0,
    "1991": 0,
    "1992": 0,
    "1993": 0,
    "1994": 0,
    "1995": 0,
    "1996": 0,
    "1997": 0,
    "1998": 0,
    "1999": 0,
    "2000": 0,
    "2001": 0,
    "2002": 0,
    "2003": 0,
    "2004": 0,
    "2005": 0,
    "2006": 0,
    "2007": 0,
    "2008": 0,
    "Country": "Nigeria"
  },
  {
    "1976": 0,
    "1977": 0,
    "1978": 0,
    "1979": 3.6,
    "1980": 3.6,
    "1981": 3.6,
    "1982": 3.6,
    "1983": 3.9,
    "1984": 3.9,
    "1985": 3.7,
    "1986": 3.6,
    "1987": 3.1,
    "1988": 3.1,
    "1989": 3.13,
    "1990": 3.13,
    "1991": 6.28,
    "1992": 5.85,
    "1993": 4.73,
    "1994": 4.84,
    "1995": 5.4,
    "1996": 5.4,
    "1997": 6.12,
    "1998": 5.9,
    "1999": 5.9,
    "2000": 7.8,
    "2001": 7.8,
    "2002": 8.3,
    "2003": 8.3,
    "2004": 7.7,
    "2005": 7.7,
    "2006": 6.2,
    "2007": 5.3,
    "2008": 5.2,
    "Country": "Pakistan"
  },
  {
    "1976": 0,
    "1977": 0,
    "1978": 0,
    "1979": 0,
    "1980": 0,
    "1981": 0,
    "1982": 0,
    "1983": 0,
    "1984": 0,
    "1985": 0,
    "1986": 5.3,
    "1987": 4.8,
    "1988": 0,
    "1989": 0,
    "1990": 0,
    "1991": 5.8,
    "1992": 9.4,
    "1993": 9.9,
    "1994": 8.9,
    "1995": 7.1,
    "1996": 0,
    "1997": 0,
    "1998": 0,
    "1999": 0,
    "2000": 0,
    "2001": 0,
    "2002": 7.7,
    "2003": 7.2,
    "2004": 7.4,
    "2005": 7.5,
    "2006": 7.2,
    "2007": 6.72,
    "2008": 6.76,
    "Country": "Peru"
  },
  {
    "1976": 0,
    "1977": 0,
    "1978": 0,
    "1979": 0,
    "1980": 0,
    "1981": 0,
    "1982": 0,
    "1983": 0,
    "1984": 0,
    "1985": 0,
    "1986": 0,
    "1987": 0,
    "1988": 0,
    "1989": 0,
    "1990": 0,
    "1991": 0,
    "1992": 0,
    "1993": 0,
    "1994": 0,
    "1995": 0,
    "1996": 0,
    "1997": 0,
    "1998": 0,
    "1999": 0,
    "2000": 0,
    "2001": 0,
    "2002": 0,
    "2003": 0,
    "2004": 68.252,
    "2005": 0,
    "2006": 0,
    "2007": 0,
    "2008": 0,
    "Country": "Sierra Leone"
  },
  {
    "1976": 0,
    "1977": 0,
    "1978": 0,
    "1979": 0,
    "1980": 0,
    "1981": 0,
    "1982": 0,
    "1983": 0,
    "1984": 0,
    "1985": 0,
    "1986": 0,
    "1987": 0,
    "1988": 0,
    "1989": 0,
    "1990": 0,
    "1991": 0,
    "1992": 0,
    "1993": 0,
    "1994": 0,
    "1995": 0,
    "1996": 0,
    "1997": 0,
    "1998": 0,
    "1999": 0,
    "2000": 0,
    "2001": 0,
    "2002": 0,
    "2003": 3.2,
    "2004": 0,
    "2005": 0,
    "2006": 0,
    "2007": 0,
    "2008": 0,
    "Country": "Uganda"
  },
  {
    "1976": 0,
    "1977": 0,
    "1978": 0,
    "1979": 0,
    "1980": 0,
    "1981": 0,
    "1982": 0,
    "1983": 0,
    "1984": 0,
    "1985": 0,
    "1986": 0,
    "1987": 0,
    "1988": 0,
    "1989": 0,
    "1990": 0,
    "1991": 0,
    "1992": 0,
    "1993": 0,
    "1994": 0,
    "1995": 0,
    "1996": 0,
    "1997": 0,
    "1998": 0,
    "1999": 0,
    "2000": 0,
    "2001": 0,
    "2002": 0,
    "2003": 0,
    "2004": 0,
    "2005": 0,
    "2006": 4.3,
    "2007": 0,
    "2008": 0,
    "Country": "United Republic of Tanzania"
  },
  {
    "1976": 0,
    "1977": 0,
    "1978": 0,
    "1979": 0,
    "1980": 0,
    "1981": 0,
    "1982": 0,
    "1983": 0,
    "1984": 0,
    "1985": 0,
    "1986": 0,
    "1987": 0,
    "1988": 0,
    "1989": 0,
    "1990": 0,
    "1991": 0,
    "1992": 0,
    "1993": 0,
    "1994": 0,
    "1995": 0,
    "1996": 1.9,
    "1997": 2.9,
    "1998": 2.3,
    "1999": 2.3,
    "2000": 2.3,
    "2001": 2.8,
    "2002": 2.1,
    "2003": 2.3,
    "2004": 2.1,
    "2005": 0,
    "2006": 0,
    "2007": 0,
    "2008": 2.38,
    "Country": "Viet Nam"
  }
]